Rating,title,release_year
8.8,Inception,2010
8.7,The Matrix,1999
9.0,The Lord of the Rings: The Return of the King,2003
8.8,The Lord of the Rings: The Two Towers,2002
8.5,The Departed,2006
8.4,Avengers: Infinity War,2018
8.4,Raiders of the Lost Ark,1981
8.4,Spider-Man: Into the Spider-Verse,2018
8.4,Inglourious Basterds,2009
8.3,American Beauty,1999
8.1,Catch Me If You Can,2002
8.6,City of God,2002
7.8,The Irishman,2019
8.4,3 Idiots,2009
8.5,Once Upon a Time in the West,1968
8.2,Monty Python and the Holy Grail,1975
8.4,The Lives of Others,2006
8.2,Indiana Jones and the Last Crusade,1989
8.1,Trainspotting,1996
8.1,Room,2015
8.2,Kill Bill: Vol. 1,2003
8.0,The King's Speech,2010
8.2,Pan's Labyrinth,2006
7.9,Marriage Story,2019
7.9,Dallas Buyers Club,2013
8.0,Kill Bill: Vol. 2,2004
6.7,Zombieland: Double Tap,2019
7.7,Ex Machina,2014
7.3,Black Panther,2018
8.0,Life of Brian,1979
7.8,Drive,2011
7.9,District 9,2009
8.2,Klaus,2019
8.1,Raging Bull,1980
7.5,Incredibles 2,2018
7.8,Moon,2009
8.3,A Separation,2011
7.3,Men in Black,1997
7.6,Hell or High Water,2016
8.0,Rosemary's Baby,1968
8.0,Sin City,2005
7.6,50/50,2011
7.7,Zodiac,2007
7.5,Ip Man 2,2010
7.8,The Fighter,2010
7.9,"Crouching Tiger, Hidden Dragon",2000
7.8,Ferris Bueller's Day Off,1986
7.8,The Hateful Eight,2015
7.5,Indiana Jones and the Temple of Doom,1984
7.6,Train to Busan,2016
7.4,Moonlight,2016
8.3,Dangal,2016
7.7,The Theory of Everything,2014
7.3,El Camino: A Breaking Bad Movie,2019
6.3,The Conjuring: The Devil Made Me Do It,2021
7.6,Scott Pilgrim vs. the World,2010
8.2,Searching for Sugar Man,2012
7.9,Short Term 12,2013
7.8,Willy Wonka & the Chocolate Factory,1971
8.0,The Pursuit of Happyness,2006
7.0,Ant-Man and the Wasp,2018
7.6,The Two Popes,2019
8.3,Like Stars on Earth,2007
5.4,What Men Want,2019
7.7,Crash,2004
8.0,Magnolia,1999
7.6,American Psycho,2000
7.7,And Your Mother Too,2001
7.1,Snowpiercer,2013
7.2,Dolemite Is My Name,2019
8.0,Sling Blade,1996
7.4,Up in the Air,2009
7.0,To All the Boys I've Loved Before,2018
7.7,Donnie Brasco,1997
7.7,As Good as It Gets,1997
7.8,About Time,2013
7.3,Sweeney Todd: The Demon Barber of Fleet Street,2007
8.1,A Silent Voice: The Movie,2016
7.6,The Naked Gun: From the Files of Police Squad!,1988
7.7,Kung Fu Hustle,2004
7.7,Roma,2018
7.2,Grease,1978
7.2,The Matrix Reloaded,2003
7.3,Lincoln,2012
7.5,Gangs of New York,2002
7.7,Blue Is the Warmest Colour,2013
7.4,Limitless,2011
6.2,The Legend of Tarzan,2016
7.7,Coraline,2009
7.3,The Edge of Seventeen,2016
7.5,Tucker and Dale vs Evil,2010
8.2,13th,2016
8.2,Baahubali 2: The Conclusion,2017
7.7,Primal Fear,1996
7.2,GoldenEye,1995
7.9,Icarus,2017
7.5,Saving Mr. Banks,2013
8.0,The Invisible Guest,2016
7.4,The Texas Chain Saw Massacre,1974
7.4,The Talented Mr. Ripley,1999
7.2,The Ballad of Buster Scruggs,2018
7.0,Ralph Breaks the Internet,2018
6.9,Solo: A Star Wars Story,2018
7.8,Jiro Dreams of Sushi,2011
7.1,Black Mirror: Bandersnatch,2018
7.5,Ip Man 2,2010
5.8,"Salò, or the 120 Days of Sodom",1975
7.3,Blue Valentine,2010
8.1,The Dawn Wall,2017
7.3,Blue Jasmine,2013
8.1,Lagaan: Once Upon a Time in India,2001
7.1,The Lobster,2015
7.3,Layer Cake,2004
7.5,Burning,2018
7.7,The Little Prince,2015
7.2,10 Cloverfield Lane,2016
7.0,The Spectacular Now,2013
7.7,The Boy in the Striped Pajamas,2008
7.3,The Squid and the Whale,2005
7.0,Austin Powers: International Man of Mystery,1997
6.8,Bolt,2008
7.3,The Place Beyond the Pines,2012
7.5,A Single Man,2009
8.1,Ford v Ferrari,2019
7.5,Blow,2001
6.7,I Am Mother,2019
7.3,The Adventures of Tintin,2011
7.1,The Princess and the Frog,2009
7.6,Bad Genius,2017
7.4,Frances Ha,2012
7.4,Mudbound,2017
6.9,The Croods: A New Age,2020
5.3,Hellboy,2019
7.9,Pad Man,2018
6.0,"Lock Me Up, Tie Him Down",2014
7.2,Christopher Robin,2018
7.8,My Life as a Zucchini,2016
7.3,Starred Up,2013
7.2,Chasing Amy,1997
7.1,Arthur Christmas,2011
6.5,Gerald's Game,2017
8.2,Paris Is Burning,1990
7.2,Lawless,2012
7.5,Seeking True Love,2017
6.9,Babe,1995
6.7,Charlie and the Chocolate Factory,2005
8.3,The Look of Silence,2014
7.1,Blue Ruin,2013
7.2,Tremors,1990
7.0,Harold & Kumar Go to White Castle,2004
7.7,Virus,2019
7.5,I Lost My Body,2019
7.1,The Danish Girl,2015
6.6,Hush,2016
8.2,Drishyam,2015
7.0,A Serious Man,2009
8.2,Swades,2004
6.8,The Autopsy of Jane Doe,2016
7.5,Doubt,2008
8.1,Neon Genesis Evangelion: The End of Evangelion,1997
8.2,Zindagi Na Milegi Dobara,2011
7.4,Frozen,2013
7.3,Rounders,1998
7.4,Miracle,2004
7.3,Shot Caller,2017
7.6,Lupin III: The Castle of Cagliostro,1979
7.8,The Game Changers,2018
6.8,Stripes,1981
7.2,War Horse,2011
8.1,Article 15,2019
8.1,Talvar,2015
6.7,Hairspray,2007
6.8,Always Be My Maybe,2019
6.8,The Mask of Zorro,1998
6.6,Bird Box,2018
7.3,Equilibrium,2002
6.7,Mary Poppins Returns,2018
7.0,The Christmas Chronicles,2018
7.5,On Body and Soul,2017
8.8,The Lord of the Rings: The Two Towers,2002
7.4,True Grit,1969
7.7,The Breadwinner,2017
6.6,The Invitation,2015
6.9,National Treasure,2004
8.0,The Square,2013
7.0,Ip Man 3,2015
7.2,The Rainmaker,1997
7.6,The Boy Who Harnessed the Wind,2019
7.0,A Most Violent Year,2014
6.9,Step Brothers,2008
6.4,The Secret Life of Pets 2,2019
7.2,The Crying Game,1992
8.2,Before the Flood,2016
6.8,Insidious,2010
7.6,Jim & Andy: The Great Beyond,2017
7.2,Hostiles,2017
7.3,Revolutionary Road,2008
6.8,Panic Room,2002
7.4,Howards End,1992
8.3,Winter on Fire: Ukraine's Fight for Freedom,2015
6.8,Patriot Games,1992
7.3,The Fundamentals of Caring,2016
8.0,Public Enemy #2,1991
6.6,Hitch,2005
6.8,A Ghost Story,2017
7.4,The Natural,1984
6.2,Indiana Jones and the Kingdom of the Crystal Skull,2008
8.0,Special 26,2013
6.9,The Meyerowitz Stories,2017
8.2,Star Wars Celebration 2017,2017
6.6,Austin Powers: The Spy Who Shagged Me,1999
7.8,In This Corner (and Other Corners) of the World,2016
7.3,20th Century Women,2016
7.4,American Factory,2019
6.9,The Wolf's Call,2019
6.8,Under the Shadow,2016
7.6,Tell Me Who I Am,2019
6.9,Swiss Army Man,2016
8.2,LA 92,2017
7.3,Coach Carter,2005
7.3,Hustle & Flow,2005
7.3,The Guernsey Literary and Potato Peel Pie Society,2018
6.9,The Night Comes for Us,2018
7.3,Get Carter,1971
7.3,The Stranger,1946
7.4,Twenty Feet from Stardom,2013
7.3,The Hundred-Foot Journey,2014
7.4,Spider-Man: Far from Home,2019
6.7,The Matrix Revolutions,2003
7.1,Defiance,2008
7.0,The One I Love,2014
7.4,Mirage,2018
6.1,6 Underground,2019
6.8,What Happened to Monday,2017
7.0,Julie & Julia,2009
7.1,Kon-Tiki,2012
7.2,The End of the Tour,2015
6.3,How the Grinch Stole Christmas,2000
7.6,The Fear of 13,2015
6.3,Under the Skin,2013
6.5,Olympus Has Fallen,2013
6.9,Slow West,2015
1.7,Defcon 2012,2010
7.5,Stree,2018
7.6,Seven Pounds,2008
7.1,Kilo Two Bravo,2014
6.2,The Perfection,2018
6.8,The Stanford Prison Experiment,2015
7.7,Last Breath,2019
7.2,Private Life,2018
7.8,Secret Superstar,2017
6.9,My Week with Marilyn,2011
6.3,Terminator 3: Rise of the Machines,2003
7.4,Suburra,2015
8.4,Rush: Beyond the Lighted Stage,2010
7.7,The Pixar Story,2007
6.5,Triple Frontier,2019
8.0,Inequality for All,2013
6.7,Leap!,2016
8.3,2001: A Space Odyssey,1968
7.5,The Distinguished Citizen,2016
7.8,Oasis: Supersonic,2016
6.8,Yes Man,2008
6.7,Something's Gotta Give,2003
6.7,Hamburger Hill,1987
6.6,Monster House,2006
7.3,The Karate Kid,1984
6.2,It Comes at Night,2017
7.5,Unrest,2017
6.9,The Highwaymen,2019
7.6,For the Love of Spock,2016
6.4,The Grinch,2018
6.3,Paranormal Activity,2007
6.6,John Carter,2012
8.0,Chasing Coral,2017
7.5,Happy as Lazzaro,2018
6.5,Zack and Miri Make a Porno,2008
6.8,Man Up,2015
7.0,American Honey,2016
6.1,The American Meme,2018
7.4,Cunk & Other Humans on 2019,2019
8.0,The Battered Bastards of Baseball,2014
6.7,Obvious Child,2014
6.9,My Girl,1991
6.6,The Undefeated,1969
6.8,What Happened to Monday,2017
6.5,The Spiderwick Chronicles,2008
6.3,Scream 2,1997
7.2,Team Foxcatcher,2016
7.5,A Twelve-Year Night,2018
6.4,Creep 2,2017
7.2,Paddleton,2019
6.2,Veronica,2017
7.2,April and the Extraordinary World,2015
7.1,Like Water for Chocolate,1992
6.7,"Extremely Wicked, Shockingly Evil and Vile",2019
6.9,La Bamba,1987
7.5,Instructions Not Included,2013
6.6,Bad Boys II,2003
6.7,Child's Play,1988
6.5,The Interview,2014
6.8,21,2008
7.2,Heneral Luna,2015
6.8,Mary and the Witch's Flower,2017
6.3,Bright,2017
7.6,The Seven Five,2014
6.9,Outlaw King,2018
6.3,Cargo,2017
6.4,Turbo,2013
6.8,Calibre,2018
7.0,Echo in the Canyon,2018
6.5,Tomorrow Never Dies,1997
6.9,The Naked Gun 2½: The Smell of Fear,1991
6.7,Final Destination,2000
5.9,Candyman,2021
7.4,Bombshell: The Hedy Lamarr Story,2017
8.8,Muse - Live at Rome Olympic Stadium,2013
7.2,Water and Sugar,2016
8.2,Cuba and the Cameraman,2017
7.3,Blue Jay,2016
6.1,The Promise,2016
6.9,Black Snake Moan,2006
6.9,Soul Boys of the Western World,2014
6.9,Kill the Messenger,2014
8.0,Richard Pryor: Live in Concert,1979
5.7,Sour Grapes,1998
7.2,First They Killed My Father,2017
6.8,Beavis and Butt-Head Do America,1996
7.6,Being Elmo: A Puppeteer's Journey,2011
7.7,Udta Punjab,2016
7.2,Betting on Zero,2016
7.8,Remember the Titans,2000
6.2,1922,2017
5.6,Men in Black: International,2019
6.9,The Duchess,2008
7.4,Even the Rain,2010
6.8,Teenage Mutant Ninja Turtles,1990
6.7,Clouds of Sils Maria,2014
6.3,Spectral,2016
7.8,The Devil We Know,2018
7.0,Becoming Jane,2007
7.3,The Cakemaker,2017
7.0,The Great Battle,2018
6.9,Suffragette,2015
6.8,The Imaginarium of Doctor Parnassus,2009
6.9,Kingpin,1996
6.6,Super Dark Times,2017
6.3,The Ritual,2017
7.0,P.S. I Love You,2007
6.4,She's Out of My League,2010
4.8,Madea's Big Happy Family,2011
7.3,Dear Ex,2018
6.5,Terminator Salvation,2009
6.5,Master Z: The Ip Man Legacy,2018
6.9,Chitty Chitty Bang Bang,1968
7.6,Williams,2017
6.9,Junebug,2005
7.5,Jodhaa Akbar,2008
7.2,The 24 Hour War,2016
6.2,Austin Powers in Goldmember,2002
8.1,Bobby Robson: More Than a Manager,2018
6.6,Next Gen,2018
6.4,The World Is Not Enough,1999
7.3,Get Me Roger Stone,2017
7.6,The Sky Is Pink,2019
6.3,The Babysitter,2017
7.4,Holding the Man,2015
5.5,The Bounty Hunter,2010
6.7,Tallulah,2016
7.0,Handsome Devil,2016
7.1,Nowhere Boy,2009
6.4,Click,2006
6.3,Kursk,2012
7.4,Us and Them,2018
7.6,Delhi Belly,2011
6.1,Die Another Day,2002
6.7,Rachel Getting Married,2008
6.6,Peter Rabbit,2018
7.4,Tyson,2008
5.6,Spy Kids,2001
7.5,Ai Weiwei: Never Sorry,2012
5.6,Hold the Dark,2018
7.6,Only the Dead,2015
6.3,Bleach,2018
6.5,Fractured,2019
6.9,Christine,2016
6.7,Gringo: The Dangerous Life of John McAfee,2016
7.0,The Dirt,2019
7.1,Mune: Guardian of the Moon,2014
6.8,Other People,2016
7.0,Suite Française,2014
7.9,Ugly,2013
6.6,Event Horizon,1997
7.5,Seeking True Love,2017
7.4,The Last Man on the Moon,2014
6.3,Scary Movie,2000
6.9,Traitor,2008
6.3,Alex Strangelove,2018
8.2,My Father and My Son,2005
7.2,The Siege of Jadotville,2016
6.5,The Forbidden Kingdom,2008
7.9,Trouble in Paradise,1932
7.0,Kill the Irishman,2011
7.0,The Water Diviner,2014
7.4,Filmworker,2017
6.7,Princess Cyd,2017
6.7,While We Live,2017
6.6,Retribution,2015
6.6,The Grandmaster,2013
7.0,Gaga: Five Foot Two,2017
7.3,Shirkers,2018
5.9,Cam,2018
6.3,Young Adult,2011
7.4,Ice Guardians,2016
5.6,Charlie's Angels,2000
6.2,Anger Management,2003
6.3,Hotel Transylvania 3: Summer Vacation,2018
7.5,Spitfire,2018
6.4,The Longest Yard,2005
6.8,The Exception,2016
7.0,The Sapphires,2012
7.7,Oceans,2009
5.9,9½ Weeks,1986
6.4,The Craft,1996
6.4,Mississippi Grind,2015
7.0,Mansfield Park,1999
6.9,Camp X-Ray,2014
6.4,Burlesque,2010
6.8,Om Shanti Om,2007
6.5,Behind the Curve,2018
6.1,The Waterboy,1998
3.2,Black Sea 213,2000
7.7,Forks Over Knives,2011
6.2,Final Destination 2,2003
7.3,The Accountant of Auschwitz,2018
6.7,Little Men,2016
6.3,He Never Died,2015
7.5,How to Change the World,2015
6.4,DragonHeart,1996
7.6,Bathtubs Over Broadway,2018
6.7,Hot Rod,2007
7.7,Beasts of No Nation,2015
7.8,Kai Po Che,2013
7.2,Ittefaq,2017
6.4,Chappaquiddick,2017
7.1,5 to 7,2014
6.1,Personal Shopper,2016
7.7,Badla,2019
7.3,Kevin Hart: Laugh at My Pain,2011
6.6,What Lies Beneath,2000
6.1,Bee Movie,2007
6.5,The Informant!,2009
6.7,The Gift,2000
6.7,The Kindergarten Teacher,2018
7.0,One of Us,2017
8.1,A Wednesday,2008
6.4,Wheelman,2017
6.5,Sleeping with Other People,2015
6.4,The Taking of Pelham 123,2009
6.9,Charlotte's Web,1973
7.6,Quincy,2018
7.2,Cutie and the Boxer,2013
6.8,Neruda,2016
6.0,Backcountry,2014
7.7,You Are My Sunday,2016
6.7,The Salvation,2014
6.4,Our Idiot Brother,2011
6.7,K-19: The Widowmaker,2002
6.8,Dance Academy: The Movie,2017
5.6,The Knight Before Christmas,2019
5.8,Blame,2017
6.2,Sweet Virginia,2017
6.3,Red Dawn,1984
5.9,The Wandering Earth,2019
7.1,Screwball,2018
6.9,Legend of the Guardians: The Owls of Ga'Hoole,2010
6.9,We the Animals,2018
6.5,Mowgli: Legend of the Jungle,2018
6.6,Band Aid,2017
6.6,Small Town Crime,2017
6.2,Time Trap,2017
6.9,Silicon Cowboys,2016
6.3,The World Is Yours,2018
6.9,White Fang,2018
7.1,Trash,2014
6.8,The Original Kings of Comedy,2000
7.0,Studio 54,2018
6.6,My Scientology Movie,2015
7.6,Sanju,2018
7.4,Dear Zindagi,2016
7.1,The Bill Murray Stories: Life Lessons Learned from a Mythical Man,2018
6.7,The Photographer of Mauthausen,2018
6.8,Stonehearst Asylum,2014
6.2,In the Shadow of the Moon,2019
5.7,BuyBust,2018
7.3,I Called Him Morgan,2016
6.9,King Jack,2015
6.7,Raees,2017
6.1,The Princess Switch,2018
6.4,The First Wives Club,1996
6.3,Berlin Syndrome,2017
6.4,Errementari,2017
6.0,Stuart Little,1999
7.4,John Leguizamo's Latin History for Morons,2018
6.9,Dukhtar,2014
6.4,Strong Island,2017
6.5,Haunters: The Art of the Scare,2017
6.4,Kate & Leopold,2001
5.8,A Decent Woman,2016
7.6,Parmanu: The Story of Pokhran,2018
6.0,Free Willy,1993
6.7,Bon Cop Bad Cop,2006
6.7,The Jane Austen Book Club,2007
6.4,From Paris with Love,2010
6.3,Cop Car,2015
7.6,Woodstock: Three Days That Defined a Generation,2019
6.5,Dumplin',2018
6.0,Murder Mystery,2019
7.3,Revolutionary Road,2008
6.7,Kicking and Screaming,1995
6.1,Between Two Ferns: The Movie,2019
6.4,The Confirmation,2016
7.0,An Unfinished Life,2005
7.1,Kills On Wheels,2016
6.0,World Trade Center,2006
5.4,A Christmas Prince: The Royal Baby,2019
6.4,The Invention of Lying,2009
6.5,Tramps,2016
6.7,The Company Men,2010
5.8,Sweetheart,2019
7.1,Petta,2019
6.7,Melvin Goes to Dinner,2003
6.7,Imperial Dreams,2014
7.5,Mission Control: The Unsung Heroes of Apollo,2017
6.7,Miss Hokusai,2015
8.1,OMG: Oh My God!,2012
6.4,The Congress,2013
6.7,Center Stage,2000
7.6,Justin Timberlake + the Tennessee Kids,2016
7.7,Prosecuting Evil,2018
7.9,Harold and Lillian: A Hollywood Love Story,2015
7.0,What We Started,2017
7.1,My Masterpiece,2018
6.5,Big Miracle,2012
6.4,Laggies,2014
7.1,Kaabil,2017
5.9,The Kissing Booth,2018
6.1,I Remember You,2017
7.3,Seeing Allred,2018
6.5,Bad Day for the Cut,2017
6.5,Miss Stevens,2016
6.4,The Ugly Truth,2009
6.6,Vantage Point,2008
6.7,Wyatt Earp,1994
7.0,Paid in Full,2002
6.3,The Incident,2014
6.2,Heartbreakers,2001
6.4,The Rover,2014
6.6,Layla M.,2016
6.4,When We First Met,2018
6.4,The Mountain Between Us,2017
6.7,The Legend of 420,2017
7.3,Tamasha,2015
6.6,The Red Sea Diving Resort,2019
6.4,The Iron Lady,2011
6.6,Kiss the Girls,1997
6.7,A Futile and Stupid Gesture,2018
6.3,The Divine Fury,2019
6.7,The Other Side of the Wind,2018
7.4,The Garden of Words,2013
6.3,The Forest of Love,2019
6.8,I am Jane Doe,2017
6.1,Love,2015
6.2,The Eyes of My Mother,2016
6.7,Fire at Sea,2016
6.1,Advantageous,2015
6.3,Get Santa,2014
7.2,Audrie & Daisy,2016
6.0,The Signal,2014
6.7,"To Wong Foo, Thanks for Everything! Julie Newmar",1995
6.5,Self/less,2015
7.2,Girl,2018
6.2,The Outsider,2018
6.8,Jersey Boys,2014
7.2,Just Another Love Story,2007
7.0,Gook,2017
6.3,The Case for Christ,2017
5.8,Walking Out,2017
6.2,Transcendence,2014
5.8,Murder Party,2007
6.2,The Men Who Stare at Goats,2009
8.1,Kahaani,2012
7.0,Dil Dhadakne Do,2015
6.7,Kevin Hart: Let Me Explain,2013
7.3,The Aerial,2007
6.4,Son of a Gun,2014
7.6,Mr. Church,2016
6.7,Final Destination,2000
5.3,Spring Breakers,2012
7.5,The C Word,2016
7.1,Magnus,2016
6.7,You Were Never Really Here,2017
5.8,Teenage Cocktail,2016
6.6,Goldstone,2016
7.0,Holy Hell,2016
6.7,The Pirates of Somalia,2017
8.1,Dil Chahta Hai,2001
6.2,Krampus,2015
7.4,Joan Didion: The Center Will Not Hold,2017
0.0,Cannes Film Festival 2019,2019
6.8,Kodachrome,2017
6.3,Small Soldiers,1998
6.4,Good Kill,2014
5.0,Kickboxer: Retaliation,2018
6.3,13 Sins,2014
7.1,March of the Wooden Soldiers,1934
7.1,Breathe,2017
8.1,Cowspiracy: The Sustainability Secret,2014
7.0,The Unknown Known,2013
6.6,Wish I Was Here,2014
6.8,Mary Kom,2014
7.0,The Sunshine Makers,2015
6.5,The Grass Is Greener,1960
5.9,The Blackcoat's Daughter,2015
6.8,Sorry Angel,2018
8.2,Khosla Ka Ghosla!,2006
7.2,Fyre,2019
7.4,Peepli [Live],2010
6.3,Chloe,2009
6.9,Raiders!: The Story of the Greatest Fan Film Ever Made,2015
7.4,Guzaarish,2010
6.2,Mr. Roosevelt,2017
6.3,Boys in the Trees,2016
6.6,Flavors of Youth,2018
6.3,ARQ,2016
6.9,Newtown,2016
7.0,The Great Hack,2019
7.6,Madaari,2016
5.6,Monster-in-Law,2005
7.6,Harry & Snowman,2015
6.1,Voyeur,2017
7.1,I Am Bolt,2016
5.5,Stuart Little 2,2002
7.3,God Knows Where I Am,2016
6.4,Along Came a Spider,2001
5.1,Agent 2000: Die Laksman,2014
6.6,Operation Red Sea,2018
5.7,Velvet Buzzsaw,2019
5.7,Chicken Little,2005
7.3,Palio,2015
7.4,Democrats,2014
7.2,A Fortunate Man,2018
6.8,Sand Storm,2016
6.1,My Big Night,2015
6.8,Dolphin Tale,2011
8.1,Rang De Basanti,2006
6.3,The Limehouse Golem,2016
6.6,Chuck's Choice,2017
6.1,Pee-wee's Big Holiday,2016
6.4,Dovlatov,2018
7.1,Peter and the Farm,2016
5.8,War on Everyone,2016
7.0,Kahlil Gibran's The Prophet,2014
6.9,Comedian,2002
6.9,Jack and the Cuckoo-Clock Heart,2013
6.6,Mother!,2017
7.6,Homecoming: A Film by Beyoncé,2019
7.0,The Bad Kids,2016
6.0,Circle,2015
5.8,The Little Hours,2017
6.1,Jimmy Neutron: Boy Genius,2001
7.3,Toni Erdmann,2016
6.0,Teenage Mutant Ninja Turtles II: The Secret of the Ooze,1991
7.1,Defying the Nazis: The Sharps' War,2016
7.3,Sky Ladder: The Art of Cai Guo-Qiang,2016
5.7,Kill Command,2016
6.3,Wakefield,2016
6.9,Our Souls at Night,2017
6.2,All About Nina,2018
5.8,Clash of the Titans,2010
6.2,MI-5,2015
6.7,Brooklyn's Finest,2009
6.4,Cardboard Gangsters,2017
5.0,47 Meters Down: Uncaged,2019
5.5,2019: After the Fall of New York,1983
7.4,"The Rolling Stones Olé, Olé, Olé!: A Trip Across Latin America",2016
6.2,The Saint,1997
6.3,Headshot,2016
5.9,Dinner for Schmucks,2010
6.0,Bedtime Stories,2008
7.0,Shadow,2018
4.5,Let There Be Light,2017
6.4,Creep 2,2017
7.2,Strike a Pose,2016
7.3,Command and Control,2016
6.2,Rugrats in Paris,2000
5.6,Triple Threat,2019
6.2,Win It All,2017
7.1,Trailer Park Boys: The Movie,2006
5.3,Ghost Rider,2007
6.4,Horns,2013
7.9,The Spy,2019
7.6,Best Worst Thing That Ever Could Have Happened,2016
7.0,Mercury 13,2018
7.0,Main Hoon Na,2004
5.1,The Hurricane Heist,2018
6.5,The Burial of Kojo,2018
5.9,Kevin Hart: What Now?,2016
6.7,Atlantics,2019
7.5,Our Little Sister,2015
5.8,Sierra Burgess Is a Loser,2018
6.3,The Keeping Hours,2017
7.0,Flash of Genius,2008
7.0,Kabir Singh,2019
5.7,The Last Exorcism,2010
6.0,Carriers,2009
7.3,The Short Game,2013
7.0,Notes on Blindness,2016
7.2,Bobby Sands: 66 Days,2016
6.6,Phantom Boy,2015
6.2,Ginger & Rosa,2012
5.9,Wolf Warrior 2,2017
6.1,Hit and Run,2012
5.8,Candy Jar,2018
6.2,A Night at the Roxbury,1998
5.3,Jupiter Ascending,2015
5.8,The Similars,2015
5.7,White Girl,2016
6.3,Mean Dreams,2016
5.4,Lifechanger,2018
7.6,The 36th Chamber of Shaolin,1978
7.5,Dil Se..,1998
7.0,Rustom,2016
5.9,Nacho Libre,2006
5.8,Extinction,2018
6.3,Benji,2018
6.4,Animal World,2018
6.3,Morris from America,2016
6.2,Maps to the Stars,2014
7.0,National Bird,2016
5.8,Thumper,2017
7.2,The Physician,2013
5.3,Cult of Chucky,2017
7.0,Gabriel and the Mountain,2017
6.7,Bon Cop Bad Cop,2006
6.2,La 4ª Compañía,2016
4.5,Johnson Family Vacation,2004
6.4,First Match,2018
6.0,Come Sunday,2018
5.9,Time Share,2018
6.8,Lady J,2018
6.5,Love Off the Cuff,2017
7.1,E-Team,2014
5.8,Resident Evil: Afterlife,2010
7.4,Knock Down the House,2019
8.0,Andaz Apna Apna,1994
7.1,Luck by Chance,2009
6.7,Fourth Man Out,2015
6.3,While We're Young,2014
7.6,Bhavesh Joshi Superhero,2018
7.0,Shutter,2004
6.7,Carrie Pilby,2016
6.6,The Great Raid,2005
6.2,Takers,2010
7.8,Maya Angelou And Still I Rise,2016
5.2,Lez Bomb,2018
5.6,The Quest,1996
5.9,The Breaker Upperers,2018
7.3,Miss Sharon Jones!,2015
7.3,Yomeddine,2018
6.4,Jagga Jasoos,2017
7.2,No One Killed Jessica,2011
6.0,The Tourist,2010
6.5,Operation Mekong,2016
8.1,Long Time Running,2017
6.1,Middle School: The Worst Years of My Life,2016
6.2,In Search of Fellini,2017
6.3,Secret in Their Eyes,2015
7.5,To Strike,2013
6.6,Alive and Kicking,1958
6.3,Little Monsters,2019
7.1,Conor McGregor: Notorious,2017
6.9,Seoul Searching,2015
5.6,Terrifier,2016
6.0,The Riot Club,2014
5.8,The Tribes of Palos Verdes,2017
6.4,The Space Between Us,2017
6.6,Bombay Talkies,2013
6.5,A Family Man,2016
7.1,Meditation Park,2017
5.7,Would You Rather,2012
4.5,Occupation,2018
5.4,"Game Over, Man!",2018
7.5,The Time Machine,1960
7.1,Qarib Qarib Single,2017
6.3,Barakah Meets Barakah,2016
7.2,Te3n,2016
6.2,"As Above, So Below",2014
6.1,The Rum Diary,2011
4.9,One Less God,2017
5.7,Race to Witch Mountain,2009
6.2,A Gray State,2017
9.4,Hollywood in Vienna (2011– ),2018
6.4,The Oath,2016
5.7,Bhool Bhulaiyaa 2,2022
5.5,The Golem,2018
7.3,Weed the People,2018
6.2,Holiday in the Wild,2019
6.9,Quién te cantará,2018
6.4,Khoobsurat,2014
7.0,Look Who's Back,2015
6.7,This Is Not What I Expected,2017
7.3,Joshua: Teenager vs. Superpower,2017
8.2,Paan Singh Tomar,2012
5.4,Popeye,1980
7.2,Toilet: A Love Story,2017
5.6,Bad Match,2017
6.4,Lust Stories,2018
6.6,Same Kind of Different as Me,2017
6.0,68 Kill,2017
6.0,Barry,2016
6.8,Ten Years,2015
5.9,May the Devil Take You,2018
6.8,Abducted in Plain Sight,2017
6.5,Alone in Berlin,2016
6.3,Ninja Assassin,2009
5.3,Beyond Skyline,2017
7.2,10 Cloverfield Lane,2016
7.6,The Untold Tales of Armistead Maupin,2017
7.0,He Named Me Malala,2015
7.2,Neon Genesis Evangelion: Death & Rebirth,1997
7.8,Berserk: The Golden Age Arc III - The Advent,2013
5.5,The Bounty Hunter,2010
6.8,The Wound,2017
7.0,42 Grams,2017
6.0,Automata,2014
5.8,Eat Pray Love,2010
7.6,Highway,2014
7.8,Berserk: The Golden Age Arc III - The Advent,2013
6.0,How to Be a Latin Lover,2017
6.2,The Outsider,2018
5.9,The Rugrats Movie,1998
7.2,RocknRolla,2008
7.7,The Butterfly's Dream,2013
7.1,Concussion,2015
7.8,Berserk: The Golden Age Arc III - The Advent,2013
6.1,Benji,1974
7.3,Chasing Trane: The John Coltrane Documentary,2016
5.9,The Debt Collector,2018
6.5,Class Rank,2017
5.6,Scream 3,2000
6.5,The Most Unknown,2018
6.4,Within Our Gates,1920
6.3,14 Blades,2010
8.5,Até o Fim - Flamengo Campeão da Libertadores 2019,2019
3.8,Frankenstein: Day of the Beast,2011
6.1,Hot Girls Wanted,2015
7.0,Mumbai Diaries,2010
8.1,Iqbal,2005
6.6,Pirates of the Caribbean: On Stranger Tides,2011
6.6,Pope Francis: A Man of His Word,2018
7.7,Satan & Adam,2018
6.2,Someone Great,2019
7.3,Palm Trees in the Snow,2015
6.3,How to Make an American Quilt,1995
5.7,Only God Forgives,2013
7.5,Steal a Pencil for Me,2007
7.4,Cunk & Other Humans on 2019,2019
7.3,A Murder in the Park,2014
6.7,Asura,2016
6.2,Before I Wake,2016
6.9,2 States,2014
6.5,Set It Up,2018
6.9,Amanda Knox,2016
6.9,Unfinished Song,2012
8.1,Udaan,2010
5.5,In the Tall Grass,2019
7.8,Monty Python Live at the Hollywood Bowl,1982
6.1,I Am Number Four,2011
6.5,A Little Chaos,2014
6.1,Lost in London,2017
5.6,Goosebumps 2: Haunted Halloween,2018
6.0,A Tale of Love and Darkness,2015
7.2,Ek Hazarachi Note,2014
5.6,The Nutcracker and the Four Realms,2018
6.9,Tokyo Idols,2017
4.8,Ein göttlicher Job,2001
6.5,A Patch of Fog,2015
6.3,Rampant,2018
7.5,Rolling Thunder Revue,2019
5.7,Earth to Echo,2014
5.6,The Package,2018
6.4,Gurgaon,2017
6.3,Anchor and Hope,2017
6.1,Solomon Kane,2009
5.8,Good Burger,1997
6.8,To the Bone,2017
6.1,Like Father,2018
6.2,The Land of Steady Habits,2018
7.1,Chronicle of an Escape,2006
6.0,Emo: The Musical,2016
5.9,American Son,2019
6.8,I Am Not Madame Bovary,2016
7.6,Kabhi Haan Kabhi Naa,1994
6.9,Susanne Bartsch: On Top,2017
5.3,A Christmas Prince: The Royal Wedding,2018
6.3,Sand Castle,2017
7.5,Clive Davis: The Soundtrack of Our Lives,2017
7.1,Gantz: O,2016
5.7,Happy Anniversary,2018
6.4,Paheli,2005
7.6,The Bleeding Edge,2018
6.0,Juanita,2019
6.9,Angry Indian Goddesses,2015
7.2,Four Sisters and a Wedding,2013
6.7,Chasing the Dragon,2017
5.5,Friday the 13th,2009
5.7,Falling Inn Love,2019
6.6,Brain on Fire,2016
5.3,A-X-L,2018
8.5,Initial D: First Stage,1998
6.0,The Polka King,2017
7.4,Jaane Tu... Ya Jaane Na,2008
6.6,The Command,2018
4.4,Daddy Issues,2018
6.5,Nobody Speak: Trials of the Free Press,2017
5.9,The Captive,2014
6.0,Super Troopers 2,2018
6.3,Take Me Home Tonight,2011
6.7,Miss Peregrine's Home for Peculiar Children,2016
7.2,What the Health,2017
8.8,Natsamrat,2016
6.0,Band of Robbers,2015
5.8,21 & Over,2013
6.1,Chennai Express,2013
5.5,Been So Long,2018
6.2,The Drug King,2018
5.6,Here Alone,2016
7.5,Reversing Roe,2018
7.3,The Edge of Democracy,2019
6.7,Cypher,2002
4.6,Death Note,2017
6.9,S Is for Stanley,2015
5.7,Come and Find Me,2016
4.4,Christmas Vacation 2000,1999
5.7,Christmas Inheritance,2017
6.2,Final Destination 2,2003
6.3,David Brent: Life on the Road,2016
6.1,The Lovers,2017
8.5,Gol Maal,1979
6.0,Planet 51,2009
6.0,The Peacemaker,1997
6.6,When the Game Stands Tall,2014
4.2,Khushi,2003
8.0,Waiting for the Hearse,1985
5.5,Below Her Mouth,2016
6.2,Inferno,2016
7.9,Struggle: The Life and Lost Art of Szukalski,2018
6.0,Sex Is Zero 2,2007
7.5,Devdas,2002
4.9,Await Further Instructions,2018
6.2,Last Knights,2015
5.8,Rowdy Rathore,2012
5.3,Siren,2016
7.3,Bleach the Movie: Hell Verse,2010
5.9,6 Balloons,2018
6.3,The Laundromat,2019
5.8,An Interview with God,2018
5.8,The Perfect Date,2019
8.3,Chupke Chupke,1975
5.5,Results,2015
5.4,Godzilla,1998
6.6,The Awakening of Motti Wolkenbruch,2018
7.0,Period: The End of Menstruation?,2006
7.2,Berlin Calling,2008
6.5,The Workshop,2017
7.1,Arthur Christmas,2011
7.5,Metallica: Some Kind of Monster,2004
6.9,Crazy Beautiful You,2015
6.0,Equals,2015
6.0,Deidra & Laney Rob a Train,2017
6.2,High Flying Bird,2019
7.0,Gabbar Is Back,2015
6.1,2Close2U,2017
6.3,Pokémon the Movie: I Choose You!,2017
5.3,Tusk,2014
5.8,Cirque du Freak: The Vampire's Assistant,2009
7.8,Lakshya,2004
8.5,Be Here Now,2015
7.1,Naruto Shippuden the Movie: Blood Prison,2011
6.9,Teefa In Trouble,2018
6.6,Naruto the Movie: Ninja Clash in the Land of Snow,2004
7.1,Restless Creature: Wendy Whelan,2016
6.0,Burning Sands,2017
6.3,The Art of the Steal,2013
6.6,Catching the Sun,2015
5.7,Little Evil,2017
5.9,Órbita 9,2017
6.7,Naruto Shippûden: The Movie,2007
5.8,The Skin of the Wolf,2017
5.8,The Bad Education Movie,2015
6.0,The Tiger Hunter,2016
7.3,Norman Lear: Just Another Version of You,2016
6.5,Chalte Chalte,2003
6.3,The Rachel Divide,2018
5.2,Superstar,1999
6.7,The B-Side,2016
5.4,Enter the Warriors Gate,2016
6.2,Roxanne Roxanne,2017
7.4,Divines,2016
6.5,The Desert Bride,2017
6.1,Cut Bank,2014
6.0,Two Lovers and a Bear,2016
6.8,Love in the Time of Hysteria,1991
6.4,The Secret Life of Pets 2,2019
6.1,My Entire High School Sinking Into the Sea,2016
7.5,Seven Sundays,2017
7.0,Unacknowledged,2017
6.1,Hostages,2017
8.0,Vizontele,2001
7.2,Habibie & Ainun 3,2019
7.4,Cunk & Other Humans on 2019,2019
6.9,The Resistance Banker,2018
5.2,The Bad Batch,2016
7.6,Madras Cafe,2013
7.2,Strictly Ballroom,1992
6.2,Closed Circuit,2013
6.2,Dark Places,2015
5.8,The Christmas Trap,2018
7.8,Laal Rang,2016
5.8,24 Hours to Live,2017
5.3,See You Yesterday,2019
7.1,The Redeemed and the Dominant: Fittest on Earth,2016
4.3,A Wrinkle in Time,2018
6.1,Otherhood,2019
6.3,Loving Annabelle,2006
6.1,Blood Will Tell,2019
6.5,My Name Is Love,2012
7.6,Wake Up Sid,2009
5.2,13 Cameras,2015
3.9,Between Worlds,2018
5.3,The 15:17 to Paris,2018
4.9,Wild Wild West,1999
5.9,Trash Fire,2016
5.4,Dream Boat,2017
5.3,The Green Inferno,2013
6.0,War Machine,2017
5.3,Legion,2010
5.6,Unicorn Store,2017
7.3,Trailer Park Boys: Countdown to Liquor Day,2009
5.6,Skiptrace,2016
6.1,Jack Reacher: Never Go Back,2016
6.9,Prescription Thugs,2015
6.0,Righteous Kill,2008
5.4,Head Count,2018
7.7,Chaar Sahibzaade,2014
5.8,Goon: Last of the Enforcers,2017
7.2,Pee Mak,2013
6.3,Mindhorn,2016
5.9,It Takes Two,1995
5.5,Mute,2018
7.4,Oklahoma City,2017
7.2,Love Likes Coincidences,2011
6.3,The Christmas Candle,2013
6.7,Belgica,2016
5.9,Igor,2008
5.4,The Trust,2016
6.5,The Incredible Jessica James,2017
6.4,Irreplaceable You,2018
6.3,Detective Dee: The Four Heavenly Kings,2018
5.7,Life After Beth,2014
7.8,The Ivory Game,2016
7.2,Memoir of a Murderer,2017
7.4,The Magician,2006
5.5,6 Years,2015
7.6,Aamir,2008
6.1,Smart People,2008
5.6,At First Light,2018
5.5,All the Boys Love Mandy Lane,2006
5.6,Imagine That,2009
5.7,The Do-Over,2016
5.9,American Hangman,2019
6.0,Semana Santa,2015
6.3,Walk With Me,2017
6.5,The Last Days of Chez Nous,1992
6.6,Hot Girls Wanted: Turned On,2017
7.3,InuYasha the Movie 2: The Castle Beyond the Looking Glass,2002
6.1,Kabali,2016
6.0,Come Sunday,2018
5.4,The Bait for the Angel,2017
5.0,Happy New Year,2014
5.2,Inconceivable,2017
0.0,St. Agatha,2014
7.0,My Little Pony: Equestria Girls - Rainbow Rocks Animated,2014
6.7,Remember Last Night?,1935
8.1,Bawarchi,1972
6.4,Message from the King,2016
6.4,Beyond the Clouds,1995
5.8,Trespass Against Us,2016
6.1,Standoff,2016
5.6,I Am Michael,2015
7.6,InuYasha the Movie 3: Swords of an Honorable Ruler,2003
6.9,Boy Erased,2018
5.5,Baptists at Our Barbecue,2004
7.4,Dream/Killer,2015
7.0,Five Deadly Venoms,1978
6.4,Manolo: The Boy Who Made Shoes for Lizards,2017
5.7,Acts of Vengeance,2017
6.2,Pokémon the Movie: The Power of Us,2018
5.8,2012,2009
5.7,El Camino Christmas,2017
6.3,Haraamkhor,2015
7.5,Miss Representation,2011
5.4,A Christmas Prince: The Royal Baby,2019
7.9,"Crouching Tiger, Hidden Dragon",2000
6.2,5 Flights Up,2014
6.3,Apostle,2018
5.4,Superlopez,2018
6.6,Umrika,2015
6.8,SHOT! The Psycho-Spiritual Mantra of Rock,2016
6.4,Naruto the Movie 2: Legend of the Stone of Gelel,2005
7.2,Inuyasha the Movie: Affections Touching Across Time,2001
7.1,Riphagen,2016
6.3,I Am Not an Easy Man,2018
5.1,The Hurricane Heist,2018
5.7,Paint It Black,2016
5.3,Duck Butter,2018
7.2,Maktub,2017
5.1,G-Force,2009
5.2,Tall Girl,2019
5.6,Immoral Tales,1973
5.4,The Tuxedo,2002
5.6,Ek Ladki Ko Dekha Toh Aisa Laga,2019
7.1,"Bleach: Fade to Black, I Call Your Name",2008
6.1,Take Me,2017
7.3,That Thing Called Tadhana,2014
7.3,Starzan II,1989
6.7,Danny Says,2015
5.5,Wine Country,2019
5.9,Office Christmas Party,2016
6.8,Nothing to Hide,2018
6.5,For Greater Glory: The True Story of Cristiada,2012
7.3,Telling Tales,2015
7.6,Tanu Weds Manu Returns,2015
7.5,Budhia Singh: Born to Run,2016
5.9,Elstree 1976,2015
6.9,And Breathe Normally,2018
5.9,The Amityville Horror,2005
8.0,A Plastic Ocean,2016
6.4,Sample This,2012
7.4,Amar Akbar Anthony,1977
7.2,Mayabazar 2016,2020
5.3,Who Would You Take to a Deserted Island?,2019
7.2,American Circumcision,2017
8.3,Punjab 1984,2014
6.6,Rare Exports,2010
7.3,Sad Hill Unearthed,2017
7.3,Only You,2014
5.1,Dilwale,2015
6.6,Jeremiah Tower: The Last Magnificent,2016
7.3,No Game No Life: Zero,2017
4.9,Silent Hill: Revelation,2012
5.7,"The Goods: Live Hard, Sell Hard",2009
7.1,Namastey London,2007
5.6,Tracers,2015
6.8,A Second Chance,2014
5.8,The New Romantic,2018
5.0,Savage Dog,2017
7.7,Don,1978
5.4,Bullet Head,2017
7.9,Mission Blue,2014
6.3,Dead in a Week Or Your Money Back,2018
7.6,Avicii: True Stories,2017
8.3,Sairat,2016
5.9,Adventures in Public School,2017
6.9,Starting Over Again,2014
8.6,The Silence of the Lambs,1991
6.4,Billu,2009
6.6,Minimalism: A Documentary About the Important Things,2015
8.4,Life in the Doghouse,2018
7.2,Seventeen,2019
6.3,Catatan Si Boy 2,1988
8.2,Dancing with the Birds,2019
6.6,The Lovers & the Despot,2016
6.2,Battle for Incheon: Operation Chromite,2016
6.3,Polar,2019
5.1,The Dukes of Hazzard,2005
6.4,Blind Detective,2013
7.3,Apex: The Story of the Hypercar,2016
7.1,Naruto Shippuden the Movie: Blood Prison,2011
6.6,Tony Robbins: I Am Not Your Guru,2016
6.4,The Invisible Guardian,2017
6.0,3 Generations,2015
5.1,Big Top Pee-wee,1988
5.3,Sinister 2,2015
5.4,Season of the Witch,2011
6.5,Chopsticks,2019
5.4,The Outcasts,2017
6.4,Luka Chuppi,2019
4.9,"Honey, I Blew Up the Kid",1992
5.5,Garden Party,2008
6.1,Good Kids,2016
6.4,The Tree of Blood,2018
5.4,"Game Over, Man!",2018
7.1,Love Per Square Foot,2018
6.3,Take Your Pills,2018
7.6,Rahasya,2015
6.9,Chup Chup Ke,2006
5.0,Chernobyl Diaries,2012
7.6,Pyaar Ka Punchnama,2011
6.5,National Treasure: Book of Secrets,2007
7.1,Ghost in the Shell: Arise - Border 2: Ghost Whispers,2013
4.3,Kyun! Ho Gaya Na...,2004
5.9,Mad Money,2008
7.5,Dhamaal,2007
7.4,Socha Na Tha,2005
5.4,Jailbreak,2017
4.9,Kickboxer: Vengeance,2016
7.1,Ghost in the Shell: Arise - Border 1: Ghost Pain,2013
8.3,Nazi Concentration Camps,1945
8.0,Patrick Melrose,2018
5.3,The Rezort,2015
5.8,The Tribe,2018
7.3,Harry Benson: Shoot First,2016
6.6,LoveTrue,2016
5.8,The After Party,2018
6.1,Moonwalkers,2015
4.6,Lupt,2018
5.9,Lila & Eve,2015
4.4,Spy Kids 3: Game Over,2003
4.9,Hard Tide,2015
7.0,Everyday I Love You,2015
4.1,The Cat in the Hat,2003
7.0,Why We Fight,1942
6.8,Arjun: The Warrior Prince,2012
5.6,A Perfect Ending,2012
5.6,Lady Bloodfight,2016
6.6,No Entry,2005
5.6,Rangoon,2017
8.4,Harishchandrachi Factory,2009
5.5,Vincent N Roxxy,2016
6.4,Big Time,2017
6.4,A Boy Called Po,2016
6.8,Shepherds and Butchers,2016
8.0,Attacking the Devil: Harold Evans and the Last Nazi War Crime,2014
6.2,Flock of Four,2017
6.6,Barcelona: A Love Untold,2016
5.8,Dare,2009
7.1,Look & See: A Portrait of Wendell Berry,2016
7.7,City of Joy,2016
7.5,The Black Godfather,2019
6.1,The Sea of Trees,2015
7.2,Inuyasha the Movie 4: Fire on the Mystic Island,2004
7.9,Angamaly Diaries,2017
6.1,Burlesque: Heart of the Glitter Tribe,2017
7.5,Stop at Nothing: The Lance Armstrong Story,2014
7.1,My Beautiful Broken Brain,2014
6.6,Asperger's Are Us,2016
5.3,Blackway,2015
5.2,Ibiza,2018
6.5,Bad Rap,2016
7.5,I See You,2017
6.1,Raja Hindustani,1996
7.0,The Art of Loving: Story of Michalina Wislocka,2017
5.2,Sandy Wexler,2017
5.6,Welcome to New York,2014
6.6,Pandora,2016
7.0,The Seven Deadly Sins: Prisoners of the Sky,2018
5.5,The Last Summer,2019
6.2,A Land Imagined,2018
7.1,Raajneeti,2010
5.2,Apollo 18,2011
0.0,Longshot... The Biopic of Senator Bernie Sanders Campaign 2016 for POTUS,2016
7.4,Once Upon a Time in Mumbaai,2010
5.0,The First Temptation of Christ,2019
7.2,The Death and Life of Marsha P. Johnson,2017
6.3,Naruto the Movie 3: Guardians of the Crescent Moon Kingdom,2006
6.1,Casting JonBenet,2017
8.5,Eh Janam Tumhare Lekhe,2015
7.6,The Miracle,2015
6.2,Black Snow,2017
8.5,I'll Push You: A Real-Life Inspiration,2017
7.0,Brother in Love,2019
7.1,Karthik Calling Karthik,2010
6.2,Eye for an Eye,1996
3.7,Prisoners of the Lost Universe,1983
4.9,New York Minute,2004
6.2,Dayveon,2017
5.5,Casa de mi Padre,2012
5.7,Point Blank,2019
5.2,Friend Request,2016
4.8,Two Thousand Dollars for Coyote,1966
7.2,Satte Pe Satta,1982
5.9,Opening Night,2016
7.5,Ek Hasina Thi,2004
6.7,Merantau,2009
5.8,The Duel,2016
7.3,Yuva,2004
8.5,Western Ghats,2018
7.9,Hazaaron Khwaishein Aisi,2003
5.4,Martin Lawrence Live: Runteldat,2002
5.5,Manglehorn,2014
5.5,Love Beats Rhymes,2017
5.9,American Anarchist,2016
7.1,Khalnayak,1993
5.8,Ek Main Aur Ekk Tu,2012
5.9,SGT. Will Gardner,2019
6.8,Naruto Shippûden: The Lost Tower,2010
5.3,"Living There Is Not Hell, It Is the Fire of the Desert. The Plenitude of Life That Stayed There Like a Tree",2018
6.0,Strange Weather,2016
5.3,The Most Assassinated Woman in the World,2018
5.9,The Blackcoat's Daughter,2015
5.4,After Porn Ends 3,2018
5.7,Revenger,2018
2.2,Baaghi 3,2020
6.9,Shrek the Musical,2013
7.6,When Two Worlds Collide,2016
6.2,Black Adam,2022
5.7,Delirium,2018
6.0,My Ex and Whys,2017
7.4,Me Before You,2016
6.4,The Legend of Cocaine Island,2018
6.3,Spyder,2017
5.9,Speech & Debate,2017
5.8,Railroad Tigers,2016
5.1,Blinky Bill the Movie,2015
6.5,All Is Well,2018
7.1,Beats,2019
5.6,Mohenjo Daro,2016
5.2,The Week Of,2018
7.4,U Turn,2016
6.9,The Climb,2017
7.5,Children's Party,2011
6.0,Two Lovers and a Bear,2016
5.1,Return to Sender,2015
5.8,The Man Without Gravity,2019
7.0,The African Doctor,2016
7.0,We Are Young. We Are Strong.,2014
6.1,Crank: High Voltage,2009
5.1,Sliver,1993
6.4,Sang Krasue,2019
5.6,Munafik 2,2018
3.7,The Adventures of Sharkboy and Lavagirl 3-D,2005
5.8,Eat Pray Love,2010
5.5,Step Sisters,2018
5.0,Iron Sky: The Coming Race,2019
7.6,Monty Python Live (Mostly),2014
7.4,Shelby American: The Carroll Shelby Story,2019
5.6,The Longshots,2008
5.6,Mubarakan,2017
6.5,Paskal,2018
4.6,Hannah Montana: The Movie,2009
7.5,"The Adventures of Priscilla, Queen of the Desert",1994
5.8,2012,2009
4.8,Malevolent,2018
7.7,One Day,2016
5.9,4L,2019
8.0,The Princess Bride,1987
7.5,100 Meters,2016
5.9,True Memoirs of an International Assassin,2016
7.0,Eyyvah Eyvah,2010
6.1,Phir Bhi Dil Hai Hindustani,2000
7.5,Do Dooni Chaar,2010
5.9,Kristy,2014
7.3,GLOW: The Story of the Gorgeous Ladies of Wrestling,2012
7.1,Steel Rain,2017
7.9,Laskar Pelangi,2008
5.2,Bushwick,2017
6.8,Dabbe: The Possession,2013
5.6,The Hunter's Prayer,2017
7.5,Hitler: A Career,1977
6.1,How to Get Over a Breakup,2018
6.7,"Extremely Wicked, Shockingly Evil and Vile",2019
7.7,Oye Lucky! Lucky Oye!,2008
7.2,Queen Marie of Romania,2019
6.2,Death Race 2000,1975
5.9,Illang: The Wolf Brigade,2018
5.1,How It Ends,2018
6.7,Hank: 5 Years from the Brink,2013
7.8,Star Wars: Episode VII - The Force Awakens,2015
6.7,Sarkar,2018
5.3,Social Animals,2018
4.3,Movie 43,2013
5.3,Room for Rent,2019
7.0,Naruto Shippûden: The Movie 3: Inheritors of the Will of Fire,2009
8.0,The Rolling Stones: From the Vault - Sticky Fingers Live at the Fonda Theatre 2015,2017
8.4,Dr. Strangelove or: How I Learned to Stop Worrying and Love the Bomb,1964
6.9,Ajji,2017
7.3,The Memphis Belle: A Story of a Flying Fortress,1944
5.2,Us and Them,2017
6.8,Vince & Kath & James,2016
5.7,Security,2017
5.5,Across the Line,2000
4.8,Dog Eat Dog,2016
6.7,Kong: Skull Island,2017
6.9,Kid Kulafu,2015
6.0,Swearnet,2014
6.0,Godzilla: Planet of the Monsters,2017
5.9,Little Boxes,2016
6.1,Dragon Tiger Gate,2006
6.2,Aarakshan,2011
6.9,Theo Who Lived,2016
5.9,The Warning,2018
5.3,The Good Catholic,2017
5.4,The Hollow Point,2016
4.7,Eerie,2018
7.0,Print the Legend,2014
5.6,Noblemen,2018
5.3,XOXO,2016
7.1,The Magic Pill,2017
5.2,Kung Fu Yoga,2017
7.4,Eddie - Strongman,2015
7.7,Mumbai Meri Jaan,2008
6.7,Zombieland: Double Tap,2019
7.6,Once Upon a Time... in Hollywood,2019
6.3,Shimmer Lake,2017
6.6,Expelled from Paradise,2014
7.2,A Leaf of Faith,2018
5.4,Lavender,2016
5.1,#Realityhigh,2017
5.3,USS Indianapolis: Men of Courage,2016
7.3,Alita: Battle Angel,2019
6.0,No Other Woman,2011
5.8,Small Crimes,2017
6.3,Alt-Right: Age of Rage,2018
6.6,16 Blocks,2006
8.2,Love Ni Bhavai,2017
7.7,Fire in the Blood,2013
6.3,Dügün Dernek 2: Sünnet,2015
5.4,Dead Kids,2019
5.7,God Bless the Broken Road,2018
7.1,Keith Richards: Under the Influence,2015
3.5,Firebird 2015 AD,1981
5.0,Bokeh,2017
5.1,Bottom of the World,2017
5.3,Paper Year,2018
5.9,Special Correspondents,2016
6.0,Love Affair,1994
4.6,Half Girlfriend,2017
6.6,Warehoused,2017
7.2,Namak Halaal,1982
6.2,Delhi-6,2009
5.6,City of Tiny Lights,2016
6.5,League of Legends Origins,2019
6.7,The Fury of a Patient Man,2016
6.2,Much Loved,2015
4.9,Hope Springs Eternal,2018
7.8,Killa,2014
4.5,Samson,2018
5.5,Miss Julie,2014
7.7,100 Years,2016
5.7,Blue Mountain State: The Rise of Thadland,2016
5.9,Ready to Mingle,2019
5.7,Rajma Chawal,2018
6.3,1 Mile to You,2017
6.7,Good Luck,2014
6.3,Dharam Sankat Mein,2015
7.2,"LSD: Love, Sex Aur Dhokha",2010
6.7,The Cake General,2018
6.9,Kingdom of Us,2017
5.4,I Am Wrath,2016
5.3,A Kind of Murder,2016
5.7,Dismissed,2017
7.2,The Perfect Dictatorship,2014
5.8,Barbie: The Princess & the Popstar,2012
6.1,Kidnapping Mr. Heineken,2015
7.5,Rudy Habibie,2016
6.7,Kaalia,1981
6.6,Brotherhood of Blades 2,2017
6.9,I Fine..Thank You Love You,2014
6.6,Eyyvah Eyvah 2,2011
6.6,Star Men,2016
6.3,Sacro GRA,2013
6.2,Holy Camp!,2017
7.4,Cunk & Other Humans on 2019,2019
7.0,Ronnie Coleman: The King,2018
3.8,Backtrace,2018
6.5,Gagarin. Pervyy v kosmose,2013
6.0,The Laws of Thermodynamics,2018
6.3,Full Out,2015
7.5,Mustafa Hakkinda Hersey,2004
5.7,Buffalo Boys,2018
4.6,I Am the Pretty Thing That Lives in the House,2016
6.8,You Carry Me,2015
6.3,Travis Scott: Look Mom I Can Fly,2019
5.4,Heavy Metal 2000,2000
5.3,Revolt,2017
4.8,The Ridiculous 6,2015
6.5,1898: Our Last Men in the Philippines,2016
8.0,Going Clear: Scientology & the Prison of Belief,2015
7.2,5 cm,2012
4.6,Half Girlfriend,2017
6.8,It Takes a Man and a Woman,2013
6.2,Rolling Papers,2015
6.5,Perfect Bid: The Contestant Who Knew Too Much,2017
6.6,Elisa & Marcela,2019
6.6,Birdshot,2016
5.4,Watchman,2019
5.3,Assimilate,2019
6.4,My Little Pony: Equestria Girls - Legend of Everfree,2016
5.8,The Tenth Man,2016
6.3,ABCD (Any Body Can Dance),2013
5.3,Postcards from London,2018
5.8,Stephanie,2017
6.1,The Girl Allergic to WiFi,2018
6.1,Cézanne et moi,2016
4.5,Bitch Slap,2009
6.8,Janaan,2016
7.7,Njan Prakashan,2018
7.1,Sour Apples,2016
6.5,Being AP,2015
5.7,A Dangerous Woman,1993
7.4,Losing Sight of Shore,2017
6.3,Svaha: The Sixth Finger,2019
6.9,The Body Remembers When the World Broke Open,2019
7.7,Brené Brown: The Call to Courage,2019
5.5,Naomi and Ely's No Kiss List,2015
5.1,Mara,2018
6.2,Naam Shabana,2017
4.9,The Vault,2017
6.0,Cold Skin,2017
7.6,The Little Mermaid,1989
7.1,Love in a Puff,2010
5.4,Naked,2017
6.4,Just Go with It,2011
5.7,Rocco,2016
5.2,Rim of the World,2019
5.9,Dabbe 5: Curse of the Jinn,2014
7.5,Franca: Chaos and Creation,2016
6.5,Paradox,2017
5.5,The Mistress of Spices,2005
4.6,Dark Crimes,2016
5.8,Godzilla: City on the Edge of Battle,2018
8.2,Sudani from Nigeria,2018
4.5,The Humanity Bureau,2017
7.1,Shootout at Lokhandwala,2007
5.2,The Adderall Diaries,2015
7.1,The Carter Effect,2017
7.3,Shanghai,2012
5.1,The D Train,2015
6.5,Murder on the Orient Express,2017
6.3,Abandoned,2015
6.7,For Here or to Go?,2015
6.5,Clair Obscur,2016
7.2,Shaitan,2011
3.4,Dauntless: The Battle of Midway,2019
5.4,After Porn Ends 3,2018
5.2,Father of the Year,2018
5.6,Bob Lazar: Area 51 & Flying Saucers,2018
5.0,First Kill,2017
7.3,Mortified Nation,2013
4.5,Skyline,2010
7.4,Tyke: Elephant Outlaw,2015
5.2,Snow Day,2000
4.3,The Bye Bye Man,2017
5.4,Ram Jaane,1995
6.8,Pyaar Ke Side Effects,2006
7.1,Invisible Essence: The Little Prince,2018
7.4,Life in a Metro,2007
7.1,Rot fai faa... Maha na ter,2009
6.4,Walk. Ride. Rodeo.,2019
7.1,Mais Forte que o Mundo: A História de José Aldo,2016
5.6,The Last Laugh,2019
6.6,You Changed My Life,2009
6.5,Like Arrows,2018
6.2,The Ruthless,2019
7.1,Tune in for Love,2019
5.1,Clinical,2017
4.9,Mercy Black,2019
7.9,I Am Kalam,2010
5.6,Skin Trade,2014
6.9,Return to the 36th Chamber,1980
2.8,Swiped,2018
5.3,Fun Mom Dinner,2017
6.6,The Music of Silence,2017
4.7,Shorts,2009
6.9,Fukrey,2013
5.8,Sr. Pig,2016
6.5,Stereo,2014
6.7,The Lighthouse of the Whales,2016
5.5,Good People,2014
7.7,The Gospel of John,2003
6.3,Bride for Rent,2014
4.7,Rattlesnake,2019
6.3,Catwalk: Tales from the Cat Show Circuit,2018
7.1,Ghost in the Shell: Arise - Border 1: Ghost Pain,2013
7.1,Ghost in the Shell: Arise - Border 1: Ghost Pain,2013
7.1,Ghost in the Shell: Arise - Border 1: Ghost Pain,2013
5.6,Inside Man: Most Wanted,2019
3.5,Spy Kids 4: All the Time in the World,2011
7.2,Michael Clayton,2007
5.3,Muzaffarnagar 2013,2017
6.6,Aitraaz,2004
6.5,My Little Pony: Equestria Girls - Friendship Games,2015
3.0,The Last Resort,2009
7.5,Saving Mr. Banks,2013
5.7,The Rehearsal,2016
5.7,The Holiday Calendar,2018
0.0,One Second from Eternity: The History of the Land Speed Record,1973
6.4,Bewildered Bolbol,2010
6.7,Motu Patlu: King of Kings,2016
5.1,Big Bear,2017
6.5,Hükümet Kadin,2013
5.4,Any Body Can Dance 2,2015
4.7,Hoodwinked Too! Hood vs. Evil,2011
7.9,Armed to the Teeth,2018
4.5,Secret Obsession,2019
6.8,Dying to Tell,2018
6.7,Løvekvinnen,2016
6.0,Balu Mahi,2017
6.7,After the Rain,2018
6.5,The Silence of the Sky,2016
5.5,Burning Cane,2019
6.4,Dare to Be Wild,2015
4.7,Ghost House,2017
6.1,Pokémon the Movie 2000,1999
0.0,#IrishGameDev 2014,2015
7.1,300 Miles to Heaven,1989
4.5,Sextuplets,2019
6.3,The Accident,2019
6.5,Euphoria,2018
6.1,Running for Grace,2018
4.9,Happy,2015
7.2,"Main, Meri Patni... Aur Woh!",2005
6.4,Martial Arts of Shaolin,1986
8.5,One More Shot,2018
7.5,Why Me?,2015
6.0,Incir Reçeli 2,2014
5.4,Under the Eiffel Tower,2018
6.7,Kara Bela,2015
5.9,Psychokinesis,2018
6.3,SOS: Secrets of Sex,2013
4.7,The Diabolical,2015
6.9,Kalakalappu,2012
5.6,Gnome Alone,2017
6.7,Upstarts,2019
7.9,Evangelion: 2.0 You Can (Not) Advance,2009
6.4,Rukh,2017
7.3,Sustainable,2016
7.7,Merata: How Mom Decolonized the Screen,2018
5.0,Unfreedom,2014
5.5,Flimflam,2016
6.8,Luciérnagas,2018
6.1,Los héroes del mal,2015
6.4,Secuestro,2016
7.3,A Passage to India,1984
6.2,Sardarji,2015
4.3,Cats & Dogs: The Revenge of Kitty Galore,2010
5.0,Santa Girl,2019
5.1,Jab Harry Met Sejal,2017
6.8,Rocky Handsome,2016
5.6,Ali Baba and the Seven Dwarfs,2015
5.1,Ascharyachakit!,2018
4.8,Havenhurst,2016
6.2,Burn Out,2017
5.8,Family 420 Once Again,2019
6.7,Publieke werken,2015
5.2,Dude,2018
7.6,Manu,2018
5.6,Be Somebody,2016
7.3,The Blue Umbrella,2005
6.3,The 101-Year-Old Man Who Skipped Out on the Bill and Disappeared,2016
6.5,Vizontele Tuuba,2003
5.4,Big Kill,2019
6.3,The Journey Is the Destination,2016
6.2,Mr. Nice Guy,1997
6.1,In the Shadow of Iris,2016
5.9,The Wedding Party,2016
6.2,Alice Through the Looking Glass,2016
5.2,Tinker',2017
5.8,Kaleidoscope,2016
5.2,Hostage to the Devil,2016
6.7,Bumblebee,2018
7.3,Philips and the Monkey Pen,2013
7.6,London 2012: Games of the XXX Olympiad,2012
7.3,Girls und Panzer der Film,2015
4.5,Sex Doll,2016
5.9,The Unmarried Wife,2016
4.7,ATM,2012
5.9,Catfight,2016
6.7,Deewana,1992
6.6,Apache Warrior,2017
2.8,The App,2019
6.4,Running Shaadi,2017
7.1,Highly Strung,2015
5.7,I Hate Luv Storys,2010
6.1,Belmonte,2018
6.1,The Most Hated Woman in America,2017
5.2,The Clapper,2017
6.8,Love on Delivery,1994
3.8,The Love Guru,2008
6.3,Sukob,2006
6.8,Saving Capitalism,2017
7.1,Shéhérazade,2018
5.7,Istanbul Kirmizisi,2017
6.6,Phobia 2,2009
6.2,He Even Has Your Eyes,2016
7.1,Brave Miss World,2013
5.7,Act of Vengeance,2010
4.9,Naked Singularity,2021
5.3,Tini: The New Life of Violetta,2016
7.9,Lovely Complex,2007
7.4,Swathanthryam Ardharathriyil,2018
5.6,Verses of Love 2,2017
5.0,Heroine,2012
6.8,Before Sunrise,2015
4.4,Mac & Devin Go to High School,2012
5.6,Bayonet,2018
5.9,Rainbow Time,2016
5.2,Humko Deewana Kar Gaye,2006
7.2,Painted Faces,1988
4.7,Iceman,2014
5.3,Amelia 2.0,2017
5.3,Amelia 2.0,2017
6.6,Puriyaatha Puthir,2017
6.8,A Second Chance,2014
4.6,The Influence,2019
6.3,Shiva Shankar,1990
5.0,Holiday Rush,2019
5.8,The Black Prince,2017
6.1,Shakthi: The Power,2002
4.8,The Hard Way,2019
6.7,Memory Games,2018
5.2,Mojave,2015
5.8,Dry Martina,2018
5.1,Amar,2017
6.1,Wedding Unplanned,2017
5.9,Expedition Happiness,2017
3.6,Jacob's Ladder,2019
5.7,Duck Duck Goose,2018
5.0,Aakhri Adaalat,1988
6.8,Power of Grayskull: The Definitive History of He-Man and the Masters of the Universe,2017
5.5,Dil Hai Tumhaara,2002
6.3,Caregiver,2008
6.6,Luv Shuv Tey Chicken Khurana,2012
5.3,Parker's Anchor,2018
6.5,Menteur,2019
6.9,Welcome to Sajjanpur,2008
6.5,Brij Mohan Amar Rahe,2017
7.1,Feminists: What Were They Thinking?,2018
7.2,Driving Licence,2019
5.9,Barbie in Rock 'N Royals,2015
4.8,The Heretics,2017
6.8,Mayday Life,2019
6.9,I Don't Feel at Home in This World Anymore,2017
6.6,Froning: The Fittest Man in History,2015
4.2,F*&% the Prom,2017
3.1,Left Behind,2014
5.6,For Love or Money,2019
6.3,Escape from the Planet of the Apes,1971
7.3,Shaurya,2008
6.4,Street Flow,2019
7.0,Maacher Jhol,2017
6.7,The Chosen Ones,2015
4.7,Maximum Conviction,2012
4.5,The Drowning,2016
6.2,Life 2.0,2010
7.4,SuckSeed,2011
6.0,Liberated: The New Sexual Revolution,2017
6.6,Bhouri,2016
4.2,Woody Woodpecker,2017
6.1,Your Son,2018
6.7,Thorne: Sleepyhead,2010
7.7,Wrong Side Raju,2016
4.4,The Maus,2017
6.8,Beast Stalker,2008
7.6,The Sinking of Van Der Wijck,2013
5.5,Rip Tide,2017
6.7,7 Years,2016
6.3,The Creative Brain,2019
5.4,Despite Everything,2019
4.7,Nails,2017
5.5,Brahman Naman,2016
4.4,Shanghai Fortress,2019
7.2,Mad World,2016
5.5,Pottersville,2017
7.3,Sangam,1964
6.3,The Crew,2015
7.2,Saa'a wi Nos,2012
5.6,Kis Kisko Pyaar Karoon,2015
7.1,Now More Than Ever: The History of Chicago,2016
6.8,Our Godfather,2019
6.2,Otstupnik,1987
4.5,The Competition,2018
7.3,"The Other One: The Long, Strange Trip of Bob Weir",2014
6.3,Napszállta,2018
7.2,Five Elements Ninjas,1982
3.6,27: The Cursed Club,2018
4.5,Desolation,2017
5.5,The Legacy of a Whitetail Deer Hunter,2018
8.2,We Served with Pride: The Chinese American Experience in WWII,1999
4.9,Battle Drone,2018
7.8,Let It Fall: Los Angeles 1982-1992,2017
4.3,The Charnel House,2016
4.0,The Basement,2018
7.4,Taramani,2017
8.0,Ee Nagaraniki Emaindi,2018
7.1,Jhankaar Beats,2003
7.4,The Heaven None Missed,2015
4.2,The Devil Inside,2012
7.4,Power Paandi,2017
3.8,Doom: Annihilation,2019
6.2,Meghnadbodh Rohoshyo,2017
7.1,The Battle of Russia,1943
7.0,Handsome Devil,2016
7.9,Story of an Egg,2017
5.1,Happy new year,2018
5.7,Kocan Kadar Konus: Dirilis,2016
6.2,Laddaland,2011
7.1,The Real Miyagi,2015
5.6,The Girl from the Song,2017
6.9,Consequences,2018
7.0,You Will Die at 20,2019
5.3,Brampton's Own,2018
7.1,Growing Up Wild,2016
5.4,Mostly Sunny,2016
6.2,The Magic Snowflake,2013
6.8,Chameli,2003
5.8,Darc,2018
4.5,Blood Money,2017
4.6,Beauty and the Bestie,2015
6.2,Veronica,2017
7.1,Late Life: The Chien-Ming Wang Story,2018
4.8,Lady-Like,2017
5.5,Sahara,2017
4.1,Shark Night,2011
5.6,Perdida,2018
5.0,American Heist,2014
4.9,Kidnapping Stella,2019
4.7,You Get Me,2017
7.2,The Show of Shows,2015
5.9,For the Love of Benji,1977
6.5,Naan Sigappu Manithan,2014
4.2,Yaadein...,2001
4.0,Girls with Balls,2018
5.3,Dragonheart: Battle for the Heartfire,2017
6.3,Haseena Maan Jaayegi,1999
5.7,Azhar,2016
3.8,All Light Will End,2018
6.6,Lommbock,2017
6.2,Lucknow Central,2017
6.5,Chalay Thay Sath,2017
6.2,Pizza,2014
6.3,Cities of Last Things,2018
5.2,Sisterakas,2012
4.8,Take the 10,2017
3.7,Judwaa 2,2017
7.2,A Beautiful Day in the Neighborhood,2019
3.9,Ragini MMS 2,2014
7.9,All the President's Men,1976
6.9,High Society,1956
5.4,The 3rd Eye 2,2019
6.3,7 Khoon Maaf,2011
5.8,Finally Found Someone,2017
5.1,Riot,2015
6.2,In Family I Trust,2019
7.0,Eyyvah Eyvah,2010
8.1,Pink,2016
6.0,Anaarkali of Aarah,2017
7.0,Tikli and Laxmi Bomb,2017
5.5,Dedemin Fisi,2016
6.9,The Sisters Brothers,2018
6.6,The Spy Who Fell to Earth,2019
6.3,Bobbi Jene,2017
5.8,Gridlocked,2015
6.9,Grandmaster,2012
8.0,Blade Runner 2049,2017
5.6,Küçük Esnaf,2016
5.2,Albion: The Enchanted Stallion,2016
5.6,Singh Saab the Great,2013
6.8,Jatt James Bond,2014
7.0,Uriyadi 2,2019
4.3,Judy Moody and the Not Bummer Summer,2011
5.5,Legend of the Naga Pearls,2017
7.1,Filosofi Kopi 2: Ben & Jody,2017
6.7,100 Days of Loneliness,2018
6.2,A Week in Watts,2018
3.3,The Open House,2018
6.7,King Arthur: Legend of the Sword,2017
6.4,CIA: Comrade in America,2017
7.1,A Family Affair,2015
6.0,Viulisti,2018
5.8,Break Up 100,2014
5.7,Lionheart,2018
4.8,Kung Fu Dunk,2008
7.2,Shor in the City,2010
7.7,Ghayal,1990
7.3,Much Ado About Nothing,1993
4.4,Kill Me If You Dare,2019
7.4,The Heaven None Missed,2015
6.4,Disciples of the 36th Chamber,1985
5.7,Jingle All the Way,1996
4.6,The Mansion,2017
4.6,A Glimpse Inside the Mind of Charles Swan III,2012
6.2,The Man Who Would Be Polka King,2009
6.7,Wild Tango,1993
6.5,Chamatkar,1992
5.6,Patiala House,2011
7.4,Forever Pure,2016
6.3,26 Years,2012
4.9,Rangreza,2017
7.3,My Brother... Nikhil,2005
5.5,Monster High: Welcome to Monster High,2016
6.7,The Chosen Ones,2015
7.6,Khubsoorat,1980
5.3,A Remarkable Tale,2019
7.5,We Need to Talk About Kevin,2011
7.2,BNK48: Girls Don't Cry,2018
5.3,True to the Game,2017
6.1,The Next Skin,2016
6.6,Journey to a Mother's Room,2018
8.2,Roll with Me,2017
6.5,Manje Bistre,2017
6.0,Selfie 69,2016
7.2,Love and Shukla,2017
7.3,Komola Rocket,2018
8.1,Shonar Pahar,2018
6.1,Frank and Cindy,2015
6.3,Ana e Vitória,2018
6.4,Jo Pil-ho: The Dawning Rage,2019
5.8,Generation Iron 3,2018
6.1,The Third Party,2016
6.9,Very Big Shot,2015
8.4,Martyrs of Marriage,2016
7.0,Aadu - Oru Bheegara Jeevi Aanu 2,2017
5.6,Vodka Diaries,2018
7.3,Barça Dreams,2015
5.1,Boss,2013
4.3,Arthur & Merlin,2015
5.7,Wild Oats,2016
6.7,Pukar,2000
5.5,Dabbe 6: The Return,2015
6.1,Spy Time,2015
6.4,Ferrari Ki Sawaari,2012
4.6,Lucky: No Time for Love,2005
5.4,Fitoor,2016
6.2,Calum Von Moger: Unbroken,2019
6.1,Kardec,2019
7.1,The Devil All the Time,2020
5.4,Go! The Unforgettable Party,2019
7.7,Jack of All Trades,2000
5.6,Chris Brown: Welcome To My Life,2017
5.8,Christmas in the Smokies,2015
7.2,Ayana,2017
5.1,Alpha and Omega 4: The Legend of the Saw Toothed Cave,2014
4.8,The Sister in Law,1974
7.0,Laerte-se,2017
7.5,An Honest Liar,2014
8.5,One Heart: The A.R. Rahman Concert Film,2017
5.6,Cabin Fever,2002
4.1,The Amazing Praybeyt Benjamin,2014
4.4,White Chamber,2018
6.4,City of God: 10 Years Later,2013
4.6,Mirza's Lady,2016
6.7,Recovery Boys,2018
7.2,Beauties of the Night,2016
5.5,Night Fare,2015
7.1,ATM: Er Rak Error,2012
7.5,Sarvam Thaala Mayam,2018
5.3,Spanish Affair 2,2015
6.1,Kocan Kadar Konus,2015
6.9,Legendary Weapons of China,1982
5.5,Barsaat,1995
4.6,The Devil and Father Amorth,2017
7.0,Goli Soda 2,2018
6.1,93 Days,2016
7.3,Kuchh Bheege Alfaaz,2018
6.5,One Last Thing...,2005
5.7,Halo: The Fall of Reach,2015
7.9,Shuddhi,2017
7.2,Joe Cocker: Mad Dog with Soul,2017
7.3,Mother,2015
7.6,Samantaral,2017
6.6,Puss in Boots,2011
6.3,The Laundromat,2019
5.2,Spirit Riding Free (2017–2020),2019
4.6,Deliha,2014
5.6,Manhattan Romance,2014
4.9,Ánimas,2018
6.7,Moshe Kasher: Live in Oakland,2012
5.4,Maya,1993
6.3,Darna Mana Hai,2003
7.6,Scott Pilgrim vs. the World,2010
6.5,The Lost Brother,2017
6.2,Hedefim Sensin,2018
6.3,Who the Fuck Is That Guy? The Fabulous Journey of Michael Alago,2017
6.1,Lucid Dream,2017
3.8,2307: Winter's Dream,2016
4.8,I Trapped the Devil,2019
6.2,Bygones Be Bygones,2017
5.3,Aiyaary,2018
6.5,Life Overtakes Me,2019
3.4,Undercover Brother 2,2019
4.8,24 Seven,2013
6.9,The Hitman's Bodyguard,2017
6.2,Forgive Us Our Debts,2018
5.7,Kurbaan,2009
7.0,Daughter of the Lake,2015
7.4,Master of the Flying Guillotine,1976
6.2,The Incredible Story of the Giant Pear,2017
5.8,Barbie: Star Light Adventure,2016
4.3,Action Replayy,2010
6.2,Welcome Mr. President,2013
5.4,Bon Bini Holland,2015
6.2,Death Race 2000,1975
6.4,The Breakup Playlist,2015
6.8,La pena máxima,2001
6.2,Last Stop: Kurtulus,2012
6.7,Nothing to Lose,1997
7.7,The Gospel of Matthew,2016
5.5,Hamara Dil Aapke Paas Hai,2000
7.8,O Renascimento do Parto,2013
5.4,What Men Want,2019
6.2,The Mad Monk,1993
5.3,Kath & Kimderella,2012
5.0,#Roxy,2018
7.3,Water & Power: A California Heist,2017
6.8,The Dreamer,2009
6.4,Headwinds,2011
6.6,A Beautiful Life,2011
7.0,The Infiltrator,2016
6.5,Nibunan,2017
4.7,14 Cameras,2018
5.2,All the Freckles in the World,2019
6.1,There's No Place Like Home,2018
5.6,Iqbal & the Jewel of India,2018
6.4,Tottaa Pataaka Item Maal,2019
4.8,Aashik Aawara,1993
5.6,Deuces Wild,2002
7.8,Little Miss Sunshine,2006
6.4,The Hurt Business,2016
7.6,Naledi: A Baby Elephant's Tale,2016
6.4,The Hurt Business,2016
5.8,Good Sam,2019
6.5,The Mars Generation,2017
4.2,Officer Downe,2016
5.4,Jessica Darling's It List,2016
6.4,The Bare-Footed Kid,1993
5.5,Suzzanna: Buried Alive,2018
7.4,Mango Dreams,2016
6.1,"My Son, My Son, What Have Ye Done",2009
4.8,Coin Heist,2017
6.7,Back to School,1986
4.9,Driven to Dance,2018
4.0,Bigger Fatter Liar,2017
3.3,Robin Hood: The Rebellion,2018
6.6,The Spiral,1978
7.9,Chashme Buddoor,1981
2.6,Enter the Anime,2019
7.1,Wandering Stars,2019
6.9,Soekarno,2013
5.2,A Perfect Man,2013
5.5,My Führer,2007
5.8,The Christmas Trap,2018
7.2,A Dog's Purpose,2017
6.0,Boss Wants a Happy Ending,2014
5.3,Steel of Fire Warriors 2010 A.D.,2008
5.7,Belief: The Possession of Janet Moses,2015
6.5,Hükümet Kadin,2013
5.2,Bibi & Tina voll verhext!,2014
6.1,Judwaa,1997
8.3,Lawrence of Arabia,1962
7.2,Nathicharami,2018
5.8,The Unspeakable Act,2012
4.3,My Honor Was Loyalty,2016
6.2,Sardarji,2015
5.5,Zindagi Kitni Haseen Hay,2016
5.5,Pettersson und Findus 2 - Das schönste Weihnachten überhaupt,2016
7.1,Letters from Prague,2016
5.1,Hunt to Kill,2010
7.5,A Bittersweet Life,2005
4.8,Indiscretion,2016
7.2,Advocate,2019
5.8,Off Course,2015
6.2,Line Walker 2: Invisible Spy,2019
5.0,Malicious,2018
6.3,Yes or No: Come Back to Me,2012
6.6,Blessed Benefit,2016
7.0,Zenda,2009
5.5,Raising the Bar,2016
4.6,DJ Cinderella,2019
6.2,Cold Pursuit,2019
4.6,The Super Parental Guardians,2016
5.6,Annabelle Hooper and the Ghosts of Nantucket,2016
6.5,Kevin Hart: Don't F**k This Up,2019
5.7,Virsa,2010
4.1,Welcome to Willits,2016
4.1,The Darkest Dawn,2016
7.9,We Are Moluccans,2014
7.6,Body and Soul,1947
3.8,Compulsion,2016
7.7,Y.M.I. Yeh Mera India,2008
3.8,Compulsion,2016
6.4,B.A. Pass,2012
5.5,The Only Mother to You All,2008
6.1,Kyaa Kool Hai Hum,2005
5.8,Generation Iron 3,2018
7.4,Master of the Flying Guillotine,1976
6.0,Panchu Pandav,1989
6.7,Our Shining Days,2017
6.4,My Own Man,2014
7.3,Interrogation,2020
5.4,Hell and Back,2015
7.4,Phantom Thread,2017
5.4,Pickpockets,2018
5.1,Godzilla: The Planet Eater,2018
6.7,The Pirates of Somalia,2017
5.9,Tere Naal Love Ho Gaya,2012
5.6,Never Heard,2018
7.1,Westside vs the World,2019
4.5,Sex Doll,2016
5.4,Hadi Insallah,2014
4.8,Madea's Big Happy Family,2011
6.1,Honeymoon Travels Pvt. Ltd.,2007
6.8,Pachamama,2018
5.5,Yellowbird,2014
5.6,Bhuddah Hoga Tera Baap,2011
5.0,HOPE one in a billion,2017
6.5,Back to the 90s,2015
4.8,Thank You,2011
7.5,Evil Genius: The True Story of America's Most Diabolical Bank Heist,2018
5.3,Revenge of the Pontianak,2019
6.5,Manoranjan,1974
6.6,The Surrounding Game,2018
5.8,Oversize Cops,2017
5.3,Romantik Komedi,2010
6.2,Todas as Razões para Esquecer,2018
5.8,Zip & Zap and the Captain's Island,2016
7.0,Thunderbolt and Lightfoot,1974
5.3,Revenge of the Green Dragons,2014
7.4,The Search for Signs of Intelligent Life in the Universe,1991
6.9,Rainbow Jelly,2018
6.4,The Great Gambler,1979
5.0,Honey: Rise Up and Dance,2018
3.8,Ladies First,2014
5.2,Benji: Off the Leash!,2004
5.4,Miranda Sings Live... Your Welcome,2019
3.6,Natural Born Pranksters,2016
6.4,Galih dan Ratna,2017
5.5,When Angels Sleep,2018
7.2,Evening Shadows,2018
4.6,Planetarium,2016
3.4,Day of the Dead: Bloodline,2017
8.0,Hikaru Utada: Laughter in the Dark Tour 2018,2019
6.0,Elaan,1971
6.5,Deewangee,2002
7.3,Saawan,2016
6.3,The Gentleman Driver,2018
6.4,Monopoly (The Bank of Luck),2017
7.1,Vicky Cristina Barcelona,2008
6.4,Pitaah,2002
4.5,The Witch Files,2018
4.8,Hypersomnia,2016
8.2,Down the Fence,2017
7.0,The Boys from Brazil,1978
5.7,Spivak,2018
4.7,Zoolander 2,2016
5.9,Satyagraha,2013
7.7,Haani,2013
5.6,"Yo-kai Watch Movie: It's the Secret of Birth, Meow!",2014
5.0,Rebirth,2016
6.5,3 Srikandi,2016
8.1,El testigo,2018
6.6,The Fourth Direction,2015
4.9,Baadshaho,2017
4.3,Players,2012
5.0,F.R.E.D.I.,2018
7.1,I Am Sun Mu,2015
5.2,Another Forever,2016
8.0,Beyond All Boundaries,2013
6.3,Urumbukal Urangarilla,2015
5.2,Firebrand,2019
5.2,Lost at Home,2003
4.8,Going for Gold,2018
5.6,Yucatan,2018
5.6,47 Meters Down,2017
5.8,Kya Kehna,2000
4.8,Blood Money,2012
6.2,Music Teacher,2019
6.0,Valley of the Dolls,1967
6.2,Raja Natwarlal,2014
4.8,Trimurti,1995
6.3,Feel Rich: Health Is the New Wealth,2017
5.4,Poster Boys,2017
5.1,Amateur Night,2016
5.4,Abzurdah,2015
6.2,Max Rose,2013
5.7,Bomb Scared,2017
6.1,Zubaan,2015
4.4,The Heyday of the Insensitive Bastards,2015
5.9,Casino Tycoon,1992
7.0,Tutto quello che vuoi,2017
6.9,The Demise of ETA,2017
7.5,100 Meters,2016
7.2,The Gospel of Luke,2015
6.6,Lifeline,1997
4.9,The Little Switzerland,2019
6.5,Rock My Heart,2017
5.6,Jay and Silent Bob Reboot,2019
5.7,Lego Jurassic World: The Indominus Escape,2016
0.0,The Almighty Street Team,2021
6.8,Khido Khundi,2018
6.5,The Dancer,2016
7.8,Erlebnis Erde (2007– ),2013
6.1,Secrets of Scotland Yard,1944
5.3,Kismat Konnection,2008
5.6,We Are Family,2010
5.7,The Last Shot,2004
5.0,The Last Whistle,2019
6.2,Dancing Quietly,2016
5.9,Hide and Seek,2016
7.8,Unchained: The Untold Story of Freestyle Motocross,2016
6.6,The Tigers of Scotland,2017
4.4,Hot Gimmick: Girl Meets Boy,2019
4.3,Total Frat Movie,2016
7.1,A Tale of Two Sisters,2003
7.1,Tahaan,2008
6.2,Gadaar: The Traitor,2015
6.4,Phone Swap,2012
6.1,Drinking Buddies,2013
5.4,3 Türken & ein Baby,2015
4.9,May We Chat,2014
5.2,Holly Star,2018
5.4,Seven in Heaven,2018
6.9,Away from Everywhere,2016
5.7,Mumbai Delhi Mumbai,2014
6.8,Parchís: The Documentary,2019
5.2,Arctic Heart,2016
4.4,Misfit,2017
6.4,Two Catalonias,2018
4.9,27: Gone Too Soon,2018
7.4,Numero Zero: Alle origini del rap italiano,2015
4.6,Bombairiya,2019
6.5,The Reconquest,2016
4.9,Five Nights in Maine,2015
6.9,Poetical Refugee,2000
6.5,Ankur Arora Murder Case,2013
6.6,It Takes a Lunatic,2019
4.5,Grand Masti,2013
4.7,Lang Tong,2014
5.5,One 2 Ka 4,2001
5.9,Hayat Öpücügü,2015
5.9,Little Dragon Maiden,1983
7.0,The Lookout,2007
7.3,John & Jane,2005
7.2,Naga the Eternal Yogi,2016
4.6,Detention Letter,2017
5.9,The Great Magician,2011
6.9,Tree Man,2015
5.4,The 3rd Eye 2,2019
5.2,The River Thief,2016
7.0,The Milk System,2017
5.2,Bibi & Tina voll verhext!,2014
5.7,Camera Store,2017
5.2,Handsome: A Netflix Mystery Movie,2017
5.5,My Birthday Song,2018
7.3,The Gathering!,2003
7.1,I Am Maris: Portrait of a Young Yogi,2018
6.5,The Russian Revolution,2017
6.2,Theeya Velai Seiyyanum Kumaru,2013
6.3,E il cibo va,2017
7.7,Manusangada,2017
5.5,People You May Know,2017
6.4,Familiye,2017
6.9,Perfect Number,2012
7.3,Eye in the Sky,2015
6.9,Outlaw King,2018
6.4,Playing Hard,2018
6.1,Perú: tesoro escondido,2017
3.3,Hot Bot,2016
8.1,A Billion Colour Story,2016
4.7,Rampage: President Down,2016
6.3,Muran,2011
3.7,Mercenaries,2014
6.0,Abhinetri,2016
7.1,Aashayein,2010
4.8,"Lusers, los amigos no se eligen",2015
4.7,Gente pez,2001
7.0,Ghost of the Mountains,2017
3.7,Temple,2017
7.5,Prime Suspect: Tennison,2017
6.0,Secrets in the Hot Spring,2018
7.4,The Bucket List,2007
6.2,Adventures of Ali-Baba and the Forty Thieves,1980
5.1,Candyflip,2017
6.2,Enlighten Us,2016
7.1,Eeda,2018
5.8,The Last Runway,2018
4.7,Super Monsters (2017– ),2019
3.1,A Flying Jatt,2016
5.0,Offline: Are You Ready for the Next Level?,2016
6.7,Emma.,2020
5.7,Catching Feelings,2017
6.4,Jatts in Golmaal,2013
5.9,Office Christmas Party,2016
3.6,Thriller,2018
6.3,Set Off,2008
6.9,Behind the Curtain: Todrick Hall,2017
7.3,Premachi Goshta,2013
5.4,Chashme Baddoor,2013
6.3,Hope Aur Hum,2018
6.8,To Each His Own Cinema,2007
5.6,Verses of Love 2,2017
7.1,Evvarikee Cheppoddu,2019
6.8,Hitler's Hollywood,2017
7.7,The Gospel of Mark,2015
6.0,Fiza,2000
6.1,Thaandavam,2012
6.8,Guilty of Romance,2011
8.0,The Long Goodbye-The Kara Tippetts Story,2019
6.5,Jackpot,2015
6.4,Already Tomorrow in Hong Kong,2015
8.2,Hombanna,2017
4.3,Viking Destiny,2018
7.0,Happy-Go-Lucky,2008
4.7,Herbert West: Re-Animator,2017
2.6,Alien Warfare,2019
3.1,One Night Stand,2016
6.5,5 Cowok Jagoan: Rise of the Zombies,2017
6.8,Neevevaro,2018
5.3,Chhota Bheem Kung Fu Dhamaka,2019
5.8,Fatso!,2009
4.8,An Affair to Die For,2019
8.1,Kill All Redneck Pricks: A Documentary Film about a Band Called KARP,2011
6.3,Gun City,2018
7.6,Hiroshima: The Aftermath,2015
6.3,Two Champions of Death,1980
6.3,The Gun Runners,1958
5.6,John Day,2013
6.2,My Little Pony: Equestria Girls,2013
6.3,Pekak,2015
4.5,Niyazi Gül Dörtnala,2015
8.0,My True Brilliant Friend,2018
0.0,Cultivating the Desert,2007
5.9,The Negro Soldier,1944
6.4,Deathgrip,2017
6.1,Clarence Clemons: Who Do I Think I Am?,2019
5.2,Undercover Grandpa,2017
7.1,Halkaa,2018
6.8,Professor,1962
7.1,Jis Desh Men Ganga Behti Hai,1960
6.6,Tunisian Victory,1944
7.9,Los ladrones viejos. Las leyendas del artegio,2007
5.3,Danur,2017
5.4,Kyo Kii... Main Jhuth Nahin Bolta,2001
6.4,Forever the Moment,2008
6.0,Know Your Enemy - Japan,1945
7.4,Pahuna: The Little Visitors,2017
5.3,706,2019
4.8,I Love You,2016
5.4,Heartthrob,2017
6.9,Star Wars: Episode VIII - The Last Jedi,2017
6.2,Naughty Jatts,2013
6.5,Lightning Fists of Shaolin,1984
7.7,Me and Earl and the Dying Girl,2015
4.9,Marama: Rombai - El Viaje,2016
7.0,APEX: The Secret Race Across America,2019
5.3,See You Yesterday,2019
3.7,Paranormal Investigation,2018
6.3,Ghost in the Shell,2017
6.2,Dear Dad,2016
5.2,Romantik Komedi 2: Bekarliga Veda,2013
4.4,I Am Vengeance,2018
5.4,War Chhod Na Yaar,2013
7.4,Asees,2018
6.5,Baazaar,2018
6.7,Weeds on Fire,2016
6.3,The Lynx,1982
5.4,Convict,2014
6.2,Queen & Country,2014
5.2,Anjaan,2014
6.0,Kaf Alqamar,2011
5.1,Shabd,2005
8.0,W,2016
6.9,Calendar Girls,2003
4.8,12 Round Gun,2017
4.7,Deliha 2,2018
5.5,El club de los buenos infieles,2017
3.4,The Black Room,2017
5.5,Blockbuster,2018
6.6,Forbidden Games: The Justin Fashanu Story,2017
6.8,Hantu Kak Limah Balik Rumah,2010
6.2,Casablancas: The Man Who Loved Women,2016
6.1,Malcriados,2016
4.2,Bring It On: Worldwide #Cheersmack,2017
7.4,American Factory,2019
7.5,Minnaminungu,2017
6.2,No One Will Ever Know,2018
6.2,Salt Mango Tree,2015
6.1,The Bros,2017
6.8,Mere Pyare Prime Minister,2018
3.6,Police Woman,1973
2.7,China Salesman,2017
5.7,Bitcoin Heist,2016
3.4,Me and Mrs. Khanna,2009
4.5,Beneath the Leaves,2019
6.3,Up Among the Stars,2018
6.3,A Sort of Family,2017
5.3,Mallu Singh,2012
6.5,Thorne: Scaredycat,2010
5.1,The Worthy,2016
6.7,Barah Aana,2009
6.2,"Footprints, the Path of Your Life",2016
7.7,Celluloid Man,2012
8.6,Onaatah: Of the Earth,2016
4.6,Insan,2005
5.2,Ice Princess Lily,2018
6.4,Dream Factory,2017
5.7,Love You... Love You Not,2015
3.7,Patient Seventeen,2017
3.9,American Warfighter,2018
5.3,Chung Cu Ma,2014
6.5,Aalorukkam,2018
4.8,The Twins Effect II,2004
5.5,Casino Tycoon II,1992
4.8,Hurricane Bianca: From Russia with Hate,2018
5.9,Kia and Cosmos,2018
7.0,When Hari Got Married,2013
4.1,Twinsanity,2018
5.8,15 August,2019
6.7,Have You Seen the Listers?,2017
7.1,A Tale of Two Sisters,2003
4.2,Warda,2014
6.9,Fair Traders,2018
3.8,Omar & Salma 3,2012
5.6,¡Asu Mare! 2,2015
4.5,Si saben cómo me pongo ¿pa' qué me invitan?,2018
5.2,Savage Raghda,2018
4.2,Pranaam,2019
4.4,Aiyyaa,2012
4.2,De film van Dylan Haegens,2018
3.0,Steel,1997
4.7,Rakkhosh,2019
3.2,A Haunting at Silver Falls: The Return,2019
2.8,Ludo,2015
7.6,Who Are You: School 2015,2015
6.3,Journey to Greenland,2016
4.7,We Belong Together,2018
3.5,Deviant Love,2019
6.5,Children of God: Lost and Found,2007
4.6,Sinister Circle,2016
5.2,Rooster's Blood,2015
5.6,Look for a Star,2009
4.9,Functional Fitness,2016
6.3,Berlin Syndrome,2017
6.7,Bhasmasur,2017
4.6,Paris Is Us,2019
4.5,Dolphin Kick,2019
4.5,Sky on Fire,2016
7.0,Aurora,2018
6.0,Zachariayude Garbhinikal,2013
6.5,Red Trees,2017
7.1,Haapus,2010
7.2,Selfie,2014
7.2,Neon Genesis Evangelion: Death & Rebirth,1997
5.9,L'affaire Jack King,2015
4.4,Killer Cove,2019
5.9,We Are What We Are,2013
8.2,Beary Tales,2013
5.4,Right Here Right Now,2018
6.6,Rattle the Cage,2015
4.2,Fifty Shades of Grey,2015
6.8,Odu Raja Odu,2018
4.2,Used Goods,2018
6.0,A Home with a View,2019
6.0,The SpongeBob Movie: Sponge Out of Water,2015
6.7,Kiss and Cry,2017
4.3,Are We Done Yet?,2007
0.0,Filip & Fredriks årskrönika (2011– ),2011
7.8,Buddy Thunderstruck,2017
0.0,Due cuori felici,1932
5.7,Moh Maya Money,2016
5.8,The Blind Christ,2016
7.5,Pimpal,2017
2.9,Mosamain Kadal,2016
4.8,Qila,1998
7.4,Saath Saath,1982
5.7,Suicide,2014
6.6,Hera Pheri,1976
3.3,Smosh: The Movie,2015
4.2,Hot Property,2016
5.0,Pedal the World,2015
6.0,House of 1000 Corpses,2003
4.3,Running Out Of Time,2018
7.3,Lalbaug Parel: Zali Mumbai Sonyachi,2010
5.8,Abdullah,1980
6.3,Guntata Hriday He,2011
4.5,Sop Dek 2002,2011
3.3,SPF-18,2017
5.1,Dhan Dhana Dhan Goal,2007
3.7,Yaar Gaddar,1994
6.5,Kalki,1996
7.3,Red Oliender's Roktokorobi,2017
5.7,Ek Khiladi Ek Haseena,2005
6.8,House of D,2004
7.1,I Dream of Dance,2017
7.0,Matichya Chuli,2006
5.3,The Forgotten,2014
5.3,Veerappan,2016
5.9,Autohead,2016
3.4,Undercover Brother 2,2019
5.4,Up North,2018
3.9,The Haunting of Molly Hartley,2008
4.2,Deadly Scholars,2018
5.5,Tik Tok,2016
5.0,All Hallows' Eve,2016
7.5,The War Against Women,2013
6.2,Uncertain Glory,2017
7.4,Forever Chape,2018
6.3,The Free Man,2016
6.1,Inkaar,2013
5.9,SDU: Sex Duties Unit,2013
4.7,Super Nani,2014
4.3,Dark Chocolate,2016
7.2,Alexis Viera: A Story of Surviving,2019
6.1,25 Kille,2016
5.6,Her Only Choice,2018
5.3,Mr. Virgin,1984
4.9,Sarvopari Palakkaran,2017
4.8,Ishqedarriyaan,2015
4.9,Romeo Ranjha,2014
4.1,Bittoo Boss,2012
4.8,Counterpunch,2019
5.5,Helios,2015
5.9,The Incorruptible,1993
6.3,How to Win the US Presidency,2016
3.7,Garbage,2018
4.3,Jaal: The Trap,2003
6.7,Nila,2016
4.2,Family Blood,2018
6.0,The White Storm 2: Drug Lords,2019
5.9,Abby Sen,2015
5.9,Underwater,2020
7.9,Kaakan,2015
3.1,Warrior Savitri,2016
0.0,The Influence,2019
5.3,Sat Shri Akaal England,2017
5.4,Hulk: Where Monsters Dwell,2016
4.2,White Island,2016
5.5,Legend of the Broken Sword Hero,2017
5.3,Holy Goalie,2017
6.6,The Last Party,1993
5.4,On the Wrong Track,1983
6.2,Mustang Island,2017
5.4,Acapulco La vida va,2017
5.6,Coffee for All,2017
5.4,Swearnet Live,2014
5.5,Unruly Friends,2012
5.2,Loco Love,2003
8.0,The Princess Bride,1987
5.4,Xiao nian Su Qi Er,1985
7.1,"Twisted Trunk, Big Fat Body",2013
4.2,Stray Bullets,2016
2.3,Boom,2003
6.9,Loudon Wainwright III: Surviving Twin,2018
3.8,The Intent 2: The Come Up,2018
6.4,Three and a Half,2018
6.4,Report from the Aleutians,1943
4.8,Oru Visheshapetta Biriyani Kissa,2017
7.4,Jalpari: The Desert Mermaid,2012
6.5,Ah... I'm Falling in Love,2016
2.8,Black Rose,2014
6.2,King of Boys,2018
5.0,French Dirty,2015
5.6,Mundeyan Ton Bachke Rahin,2014
4.4,Mike Epps: Don't Take It Personal,2015
6.9,Jagat,2015
5.2,Bibi & Tina voll verhext!,2014
5.0,Unbridled,2018
5.9,10 jours en or,2012
6.7,Satrangi Re,2012
4.6,Heroes Wanted,2016
5.3,Caída del Cielo,2016
5.2,Krishna Cottage,2004
6.4,Concrete Football,2016
5.9,The Walls of the Moon,2015
7.4,The House on Coco Road,2016
3.9,Ragini MMS 2,2014
6.8,Kygo: Live at the Hollywood Bowl,2017
5.1,Mugamoodi,2012
4.6,English Babu Desi Mem,1996
2.3,Romina,2018
4.4,The Legend of Michael Mishra,2016
5.0,Mi Amigo Alexis,2019
4.7,Katti Batti,2015
6.4,"Pablo Escobar, Angel or Demon",2007
5.5,Kisaan,2009
4.4,Something Huge,2017
8.1,Ford v Ferrari,2019
8.0,Blade Runner 2049,2017
7.2,3 Seconds Divorce,2018
5.4,Kaake Da Viyah,2019
3.4,The Rift: Dark Side of the Moon,2016
6.1,About Love. For Adults Only,2017
4.4,The Figurine,2009
5.8,Lovefucked,2018
5.7,Anta Mana Manchike,1972
5.7,A Sort of Homecoming,2015
5.0,Adventure Club,2017
4.3,Welcome 2 Karachi,2015
7.4,The Postman Always Rings Twice,1946
2.9,Hellriser,2017
6.4,III Smoking Barrels,2017
6.1,Vanjagar Ulagam,2018
6.5,My Rebound Girl,2016
7.3,Judge Singh LLB,2015
6.6,Shubh Aarambh,2017
3.8,Haunting on Fraternity Row,2018
3.8,Hungerford,2014
4.1,Zokkomon,2011
6.6,Maddman: The Steve Madden Story,2017
6.5,Love Station,2019
5.1,Mr. Chandramouli,2018
4.7,Promakhos,2014
5.0,Schubert in Love: Vater werden ist (nicht) schwer,2016
4.5,23:59,2011
6.7,Amrapali,1966
6.5,Breaking Free,1995
6.3,Theeram,2017
7.1,Mayurakshi,2017
6.8,The Heat: A Kitchen (R)evolution,2018
6.5,Crossroads: One Two Jaga,2018
4.5,Çok Filim Hareketler Bunlar,2010
5.4,10 Days in Sun City,2017
7.5,Camarón: Flamenco y revolución,2018
6.8,Bilu: A Demon Within,2017
5.2,"Praise, What Makes You Hard",1972
5.4,Bang Rajan 2,2011
4.1,Muzaffarnagar Baaqi Hai,2015
6.2,Needhi Singh,2016
6.2,I'm Still Here,2010
6.4,Sam Kinison: The Scream Continues,2016
3.0,Abdu Mouta,2012
7.1,Teach Us All,2017
3.0,The Perfect Day,2017
4.9,Puthiya Theerangal,2012
8.1,Autumn Sonata,1978
4.6,Chief Daddy,2018
6.3,Pinky Memsaab,2018
4.3,Sister Code,2015
4.2,Teen Patti,2010
5.9,Malaal,2019
5.0,Ma Chu Ka,2017
6.2,Dagadi Chaawl,2015
4.5,Samir Abu el-Nil,2013
5.8,Baan sau chuk dak hin dui,2002
6.1,Gatao 2: Rise of the King,2018
6.2,Wrecker,2022
4.8,The Shaukeens,2014
5.4,A Yellow Bird,2016
6.8,Fishtail,2014
6.2,Marriage Palace,2018
6.2,Tuna Girl,2019
3.7,Chal Bhaag,2014
7.8,Born in Gaza,2014
5.6,To Noora with Love,2014
5.5,From Japan to Egypt,2017
5.9,Salaakhen,1975
5.3,Doubles Cause Troubles,1989
6.3,Mokalik (Mechanic),2019
4.3,Hide & Seek,2010
8.0,Once in a Lifetime Sessions with Nile Rodgers,2019
5.3,Ranbhool,2010
5.4,The Bling Lagosians,2019
4.8,Breaking the Bank,2014
6.6,Student No. 1,2001
3.5,Internet Famous,2016
4.5,You Can Tutu,2017
4.5,Tamanchey: Pyar Mein Dil Pe Maar De Goli,2014
8.2,Lal Pathar,1964
5.3,New Money,2018
6.3,Super Monsters (2017– ),2019
6.6,Pirates of the Caribbean: On Stranger Tides,2011
6.3,Echarikkai,2018
6.6,Pacíficum,2017
6.0,Road to Yesterday,2015
5.2,X: Past Is Present,2015
7.1,The Thief and the Cobbler,1993
5.3,We Are Legends,2019
5.1,Rise: Ini Kalilah,2018
4.7,The Wedding Party 2: Destination Dubai,2017
3.3,Norm of the North: King Sized Adventure,2019
6.2,Sigaram Thodu,2014
4.5,Natale a 5 stelle,2018
6.5,King of Peking,2017
5.9,Super Monsters (2017– ),2019
5.2,Aagey Se Right,2009
6.4,Pandigai,2017
6.2,Maggie's Plan,2015
4.0,Husbands in Goa,2012
5.4,Jugaad,2009
6.7,Garuda di Dadaku,2009
7.5,Vitti Dandu,2014
6.0,The Republic of Love,2003
6.6,The Lovely Bones,2009
7.5,Born to Be Free,2016
5.6,Elles,2011
5.8,The Holy Man,2005
7.6,Ek Cup Chya,2009
5.6,Why Knot,2016
4.9,Oh My Ghosts!,2009
5.2,Berlin Kaplani,2012
6.7,Ujala,1959
5.4,Faraar,2015
5.1,Mumbai Matinee,2003
3.7,Puppy Star Christmas,2018
5.5,Imperfect,2012
7.3,Gour Hari Dastaan: The Freedom File,2015
4.7,Ms. Mammy,2012
5.7,Tum Milo Toh Sahi,2010
4.6,Settai,2013
3.9,Black Site Delta,2017
7.4,Naa Bangaaru Talli,2013
3.4,1st Summoning,2018
5.1,Khoon Khoon,1973
5.3,Uncle Naji in UAE,2019
6.3,Bollywood Calling,2001
7.5,Braindead,1992
6.4,Jeremy Scott: The People's Designer,2015
5.5,The Only Mother to You All,2008
4.6,My Ex-Ex,2015
4.1,1920 London,2016
5.6,Papa the Great,2000
7.0,The World It Is,2015
6.5,Shortcut Safari,2016
3.8,Lo más sencillo es complicarlo todo,2018
6.1,Motor Mitraan Di,2016
4.7,Luckee,2019
6.1,Wahed Saheh,2011
7.8,Saeed Mirza: The Leftist Sufi,2016
5.2,El Potro: Unstoppable,2018
5.5,Bangkok Hell,2002
5.9,The Silencers,1966
4.5,You Can Tutu,2017
3.6,Backfire,2017
6.8,Jora 10 Numbaria,2017
4.3,Macho,2016
3.9,Colkatay Columbus,2016
5.1,Maroon,2017
4.9,Lechmi,2017
6.9,Then Came You,2018
5.9,Ghanchakkar,2013
5.2,#Rucker50,2016
4.1,The Secrets of Emily Blair,2016
7.1,Lucha: Playing the Impossible,2016
7.7,Los días de Ayotzinapa (The 43s),2019
5.2,What the Jatt!!,2015
5.0,Hor taew tak 3,2011
4.0,Kill Ratio,2016
4.1,Bewafaa,2005
5.4,El Alien y yo,2016
3.3,La Leyenda Del Diamante,2017
4.2,Furthest Witness,2017
3.0,Santa Claws,2014
5.4,Luang phii theng III,2010
6.3,Garuda di Dadaku 2,2011
4.4,Tellur Aliens,2016
4.4,Issaq,2013
5.0,What the Fish,2013
3.8,Chocolate City: Vegas,2017
4.5,Edge of Fear,2018
4.5,Deadly Switch,2021
6.7,Without Gorky,2011
5.4,Saadey CM Saab,2016
5.4,Estar o no estar,2015
5.5,Pooja Kiven Aa,2013
5.8,Samarpanam,2017
5.0,90 ML,2019
6.9,Chandani: The Daughter of the Elephant Whisperer,2010
6.1,The Memory of Water,2015
3.9,Pup Star: World Tour,2018
2.6,Bir Baba Hindu,2016
4.4,Feo pero Sabroso,2019
3.8,Gollu Aur Pappu,2014
0.0,Because We Are Young,2016
3.3,Three-Quarters Decent,2010
3.6,Police Woman,1973
4.9,The Bronze Buckaroo,1939
0.0,Jewel Thieves,2019
5.8,Savita Damodar Paranjpe,2018
5.8,My Schoolmate the Barbarian,2001
5.9,Shopkins Wild,2018
7.0,Atar Mass 2019,2017
4.8,The Exile,1931
4.8,Chance Pe Dance,2010
6.6,Venom,2018
3.5,Roh's Beauty,2014
5.3,Darra,2016
5.5,Mauli,2018
6.0,The Girl from Chicago,1927
7.5,Ser Tão Velho Cerrado,2018
4.4,Miss Me This Christmas,2017
5.7,Shorgul,2016
5.5,The Cloverfield Paradox,2018
6.0,Mandobasar Galpo,2017
6.2,Fakta Ladh Mhana,2011
6.6,Expedition China,2017
4.2,Russell Madness,2015
2.6,Troy the Odyssey,2017
6.2,Paathi: the Half,2017
2.5,Trip to Bhangarh: Asia's Most Haunted Place,2014
6.5,Waterschool,2018
6.2,Mantostaan,2017
6.3,Mumbai's King,2012
3.4,Deadly Detention,2017
5.2,Life Ki Toh Lag Gayi,2012
6.1,Unchained Reaction,2012
5.1,Ms J Contemplates Her Choice,2014
6.9,Influx: Documentary,2016
0.0,Roudram 2018,2019
7.6,Open Tee Bioscope,2015
5.7,14 Minutes from Earth,2016
3.6,Professor Mack,2019
6.6,Pyar Ke Do Pal,1986
5.6,Dhoondte Reh Jaoge,2009
6.1,The Human Factor,1979
4.7,Mater,2017
4.6,Regatta,2015
4.3,Menorca,2016
2.9,Hisss,2010
5.0,Despido procedente,2017
6.7,Mexicanos de Bronce,2016
5.0,HOPE one in a billion,2017
8.0,The Princess Bride,1987
6.0,The Bait,2016
5.6,The Bund: Part II,1983
5.5,Da qiao ying xiong zhuan,1981
5.7,Fei saa fung chung chun,2010
3.3,Giran el-Sa'd,2014
3.2,Nasha,2013
6.3,A New Capitalism,2017
4.0,Oh Darling Yeh Hai India,1995
6.2,Sat Sri Akal,2008
6.1,Melle,2017
3.9,Hedgehogs,2016
7.0,Mala Kahich Problem Nahi,2017
6.8,Total Recall 2070,1999
5.5,Land of Cards,2012
6.2,Yoko & his friends,2015
6.1,The Reservoir Game,2017
6.5,Peace After Marriage,2013
7.4,Sarivar Sari,2005
3.7,Monkey Up,2016
5.3,My Friend Pinto,2011
2.3,Machhli Jal Ki Rani Hai,2014
2.8,Salaam Kashmier,2014
6.3,Winter of Our Dreams,1981
7.4,Ready Player One,2018
5.2,Twins Mission,2007
7.4,Bombshell: The Hedy Lamarr Story,2017
7.0,The VVitch: A New-England Folktale,2015
5.9,Super Monsters (2017– ),2019
2.7,Tees Maar Khan,2010
5.0,History of Joy,2017
5.2,Yes or No 2.5,2015
6.8,Pareeth Pandari,2017
6.9,Life of an Outcast,2019
2.6,Deewana Main Deewana,2013
5.1,Merry Men: The Real Yoruba Demons,2018
0.0,Glamour Women of the Year 2019,2019
5.9,Irada Pakka,2010
5.9,Viswasapoorvam Mansoor,2017
3.3,Incoming,2018
4.2,The Midas Touch,2020
7.6,Bogda,2018
4.9,Geezas,2011
6.0,Adhugo,2018
5.5,Shopkins World Vacation,2017
2.5,Prueba de Actitud,2016
4.7,Red Eye,2004
3.5,Frat Star,2017
6.4,Ek Jaan Hain Hum,1983
6.8,Pierre Jackson,2018
6.5,Krutant,2019
4.7,Bandie,1978
2.4,Mythily Veendum Varunnu,2017
5.4,Grillo vs Grillo,2017
6.9,Zoé: Panoramas,2017
5.5,C Kkompany,2008
5.2,Ethirmarai,2018
7.0,Upper Egyptian in the American University,1998
3.8,Ugly Aur Pagli,2008
7.2,Imago,2018
3.2,Salem: His Sister's Father,2014
6.6,The Lovely Bones,2009
5.3,Teshan,2016
5.5,Yaara O Dildaara,2011
7.9,"Hare Krishna! The Mantra, the Movement and the Swami Who Started It",2017
3.8,Chicken Kokkachi,2017
5.8,The Price of Success,2017
4.9,Geezas,2011
4.6,Bhoopadathil Illatha Oridam,2012
4.1,Ten Minutes to Live,1932
6.9,Morya,2011
6.7,Everyone Says I Love You,1996
3.9,Yeh Hai Bakrapur,2014
6.8,Face 2 Face,2016
5.8,Paisa,2013
2.1,Hajwala: The Missing Engine,2016
3.2,Exit Strategy,2012
6.9,The Naked Gun 2½: The Smell of Fear,1991
6.4,Peace Haven,2016
6.4,Moms at War,2018
0.0,Maharaja: The Story of Ranjit Singh,2010
4.3,Next Enti?,2018
5.4,Dil Vil Pyar Vyar,2002
4.8,Marvel & ESPN Films Present 1 of 1: Genesis,2014
4.0,Hamza's suitcase,2017
5.3,Being Napoleon,2018
3.9,Kaviyude Osyath,2017
6.7,Siddhant,2015
3.0,Norm of the North: Keys to the Kingdom,2018
4.4,Paying Guests,2009
4.9,Ittefaq,2001
3.3,My Dog Is My Guide,2013
3.5,Larceny,2017
5.1,Anthony Kaun Hai?,2006
5.0,The Human Contract,2008
5.4,Trapped in Tradition: Rivaaz,2011
5.8,2012,2009
5.1,The Holy Man 2,2008
3.7,P Se PM Tak,2015
4.4,EMI: Liya Hai To Chukana Padega,2008
5.2,Amar Akbar & Tony,2015
4.4,Yamla Pagla Deewana Phir Se...,2018
8.4,Taste: What's Going on - Live at the Isle of Wight 1970,2015
7.3,"Two Days, One Night",2014
4.5,KL Zombi,2013
2.9,Kajraare,2010
3.5,Bharya Athra Pora,2013
2.3,Karzzzz,2008
6.1,Truckbhar Swapna,2018
5.2,The Tayo Movie: Mission Ace,2016
6.4,Shame to Shame,1991
5.6,Daffedar,2016
4.4,FB: Fighting Beat,2007
5.5,Radical: The Controversial Saga of Dadá Figueiredo,2013
5.9,Bathinda Express,2016
3.7,Cappuccino,2017
5.7,Withdrawn,2017
5.3,Rembat,2015
5.7,Sukhi Sansarachi 12 Sutre,1995
3.1,A Scandall,2016
4.5,Chadi Jawani Budhe Nu,1976
3.0,Agyaat,2009
7.0,Behind the Candelabra,2013
1.7,Himmatwala,2013
5.9,Hattrick,2018
4.1,Tatu,2017
4.1,Drink Drank Drunk,2016
3.5,May You Prosper,2017
4.3,Pup Star: Better 2Gether,2017
3.5,Mission Istaanbul: Darr Ke Aagey Jeet Hai!,2008
6.6,The Last Shaman,2016
6.1,Sohni Mahiwal,1984
6.6,30 Days of Night,2007
7.1,A Tale of Two Sisters,2003
5.5,The Guardian Brothers,2015
7.4,Krish Trish and Baltiboy: Face Your Fears,2017
5.6,Couples Counseling,2016
5.2,Kaaliyan,2017
8.0,Once in a Lifetime Sessions with Nile Rodgers,2019
8.2,Monty Python and the Holy Grail,1975
6.5,Paradise Lost,2020
6.1,Shikari: The Hunter,1991
6.2,I'm Still Here,2010
7.5,Sokola Rimba,2013
6.0,In My Country,2004
6.9,Fantomas,1964
7.4,Krish Trish and Baltiboy: Face Your Fears,2017
6.7,Asterix: The Secret of the Magic Potion,2018
8.0,Once in a Lifetime Sessions with Nile Rodgers,2019
5.3,Chhota Bheem Kung Fu Dhamaka,2019
8.3,Chhota Bheem Aur Mayavi Gorgan,2014
5.3,Chhota Bheem Kung Fu Dhamaka,2019
5.1,Gara-Gara Bola,2008
6.3,Kacche Dhaagey,2016
7.5,Los Niños Héroes de Chapultepec,2017
8.0,Zootopia,2016
6.7,Twice a Woman,2010
0.0,Elles s'appellent toutes Sarajevo,1994
7.0,Lorai: Play to Live,2015
7.4,Krish Trish and Baltiboy: Face Your Fears,2017
6.6,Ibn el-Qunsul,2010
7.1,Karl May,1974
7.0,Ralph Breaks the Internet,2018
4.5,Paulettante Veedu,2016
5.6,Black Man White Skin,2015
3.7,Chal Dhar Pakad,2010
7.3,Samudra,2010
8.0,Oh My Ghost,2015
7.4,Krish Trish and Baltiboy: Face Your Fears,2017
4.1,Alarmoty in the Land of Fire,2017
4.8,Bull BulBul Bandook,2013
0.0,Rehmataan,2012
5.8,Antariksham 9000 kmph,2018
7.0,The Five of Us,2004
0.0,Kuppivala,1965
7.4,Krish Trish and Baltiboy: Face Your Fears,2017
6.6,Watchers 2,2011
7.4,Krish Trish and Baltiboy: Face Your Fears,2017
8.0,Once in a Lifetime Sessions with Nile Rodgers,2019
6.5,Lego House: Home of the Brick,2018
7.4,Krish Trish and Baltiboy: Face Your Fears,2017
7.4,Krish Trish and Baltiboy: Face Your Fears,2017
5.6,The Great Sage Sun Wukong,2019
4.9,A Virgin Among the Living Dead,1973
